20,1,1,0,3.510393338,0.174977303,3.510393338,0.174977303
20,1,1,1,3.756452,0.390951157,3.756452,0.390951157
20,1,1,2,4.094968164,0.217972279,4.094968164,0.217972279
20,1,1,3,4.458116543,0.26597023,4.458116543,0.26597023
20,1,1,4,4.190009351,0.212975502,4.190009351,0.212975502
20,1,1,5,3.553749208,0.57293272,3.553749208,0.57293272
20,1,1,6,3.31806506,0.301964521,3.31806506,0.301964521
20,1,1,7,4.038244269,0.389953613,4.038244269,0.389953613
20,1,1,8,4.079131705,0.149979353,4.079131705,0.149979353
20,1,1,9,3.806661082,0.633867025,3.806661082,0.633867025
20,1,1,10,3.725888844,0.119989157,3.725888844,0.119989157
20,1,1,11,3.666707342,0.35350728,3.666707342,0.35350728
20,1,1,12,4.262677418,0.103983641,4.262677418,0.103983641
20,1,1,13,4.113388612,0.41694665,4.113388612,0.41694665
20,1,1,14,3.41112785,0.232979774,3.41112785,0.232979774
20,1,1,15,3.569976138,0.214548826,3.569976138,0.214548826
20,1,1,16,3.504957582,0.154982567,3.504957582,0.154982567
20,1,1,17,3.476848298,0.284965992,3.476848298,0.284965992
20,1,1,18,3.865033952,2.085676432,3.865033952,2.085676432
20,1,1,19,4.107471888,0.085995197,4.107471888,0.085995197
20,1,0.9,0,3.521643933,0.098377466,3.521643933,0.098377466
20,1,0.9,1,3.756452,1.911021948,3.756452,1.911021948
20,1,0.9,2,4.095962012,0.231765747,4.095962012,0.231765747
20,1,0.9,3,4.458116543,0.277967691,4.458116543,0.277967691
20,1,0.9,4,4.200096685,0.261985302,4.200096685,0.261985302
20,1,0.9,5,3.553749208,0.327386618,3.553749208,0.327386618
20,1,0.9,6,3.31806506,0.227974176,3.31806506,0.227974176
20,1,0.9,7,4.038244269,0.239972353,4.038244269,0.239972353
20,1,0.9,8,4.079131705,0.141983032,4.079131705,0.141983032
20,1,0.9,9,3.806661082,0.381957054,3.806661082,0.381957054
20,1,0.9,10,3.737004632,0.241970539,3.737004632,0.241970539
20,1,0.9,11,3.666707342,0.283859015,3.666707342,0.283859015
20,1,0.9,12,4.280709259,0.114986181,4.280709259,0.114986181
20,1,0.9,13,4.113388612,0.316931009,4.113388612,0.316931009
20,1,0.9,14,3.41112785,0.111988068,3.41112785,0.111988068
20,1,0.9,15,3.569976138,0.163984537,3.569976138,0.163984537
20,1,0.9,16,3.504957582,0.123983622,3.504957582,0.123983622
20,1,0.9,17,3.476848298,0.191976786,3.476848298,0.191976786
20,1,0.9,18,3.865033952,0.682541132,3.865033952,0.682541132
20,1,0.9,19,4.112530684,0.108990431,4.112530684,0.108990431
20,1,0.7,0,3.71555845,0.24596858,3.71555845,0.24596858
20,1,0.7,1,3.903441355,0.284965515,3.903441355,0.284965515
20,1,0.7,2,4.105662092,0.130984783,4.105662092,0.130984783
20,1,0.7,3,4.535587534,0.1399827,4.535587534,0.1399827
20,1,0.7,4,4.24535927,0.133984327,4.24535927,0.133984327
20,1,0.7,5,3.57146638,0.205982447,3.57146638,0.205982447
20,1,0.7,6,3.3649509,0.108981371,3.3649509,0.108981371
20,1,0.7,7,4.038244269,0.177976847,4.038244269,0.177976847
20,1,0.7,8,4.129872672,0.15798831,4.129872672,0.15798831
20,1,0.7,9,3.822509083,0.282966137,3.822509083,0.282966137
20,1,0.7,10,3.725888844,0.134979725,3.725888844,0.134979725
20,1,0.7,11,3.777144863,0.354958534,3.777144863,0.354958534
20,1,0.7,12,4.326638588,0.151994944,4.326638588,0.151994944
20,1,0.7,13,4.177277195,0.2655828,4.177277195,0.2655828
20,1,0.7,14,3.453027786,0.143984079,3.453027786,0.143984079
20,1,0.7,15,3.586574672,0.106987238,3.586574672,0.106987238
20,1,0.7,16,3.504957582,0.158980608,3.504957582,0.158980608
20,1,0.7,17,3.476848298,0.167980194,3.476848298,0.167980194
20,1,0.7,18,3.960042001,0.539046049,3.960042001,0.539046049
20,1,0.7,19,4.260389981,0.1182127,4.260389981,0.1182127
20,1,0.3,0,4.024585139,0.113984823,4.024585139,0.113984823
20,1,0.3,1,4.255697942,0.114281416,4.255697942,0.114281416
20,1,0.3,2,4.379448869,0.111985683,4.379448869,0.111985683
20,1,0.3,3,5.113087723,0.1139884,5.113087723,0.1139884
20,1,0.3,4,4.49436304,0.108985186,4.49436304,0.108985186
20,1,0.3,5,3.749500439,0.264942408,3.749500439,0.264942408
20,1,0.3,6,3.95981828,0.127013683,3.95981828,0.127013683
20,1,0.3,7,4.163306984,0.11098814,4.163306984,0.11098814
20,1,0.3,8,4.362675091,0.103987455,4.362675091,0.103987455
20,1,0.3,9,4.454666056,0.230971575,4.454666056,0.230971575
20,1,0.3,10,3.994887473,0.112971544,3.994887473,0.112971544
20,1,0.3,11,3.793876226,0.166962147,3.793876226,0.166962147
20,1,0.3,12,4.695756345,0.13210535,4.695756345,0.13210535
20,1,0.3,13,4.648956759,0.139030933,4.648956759,0.139030933
20,1,0.3,14,3.553410065,0.145998716,3.553410065,0.145998716
20,1,0.3,15,3.885235948,0.145513535,3.885235948,0.145513535
20,1,0.3,16,3.504957582,0.114989758,3.504957582,0.114989758
20,1,0.3,17,3.910237563,0.134985447,3.910237563,0.134985447
20,1,0.3,18,3.960042001,0.12098527,3.960042001,0.12098527
20,1,0.3,19,4.318221343,0.113983393,4.318221343,0.113983393
30,1,1,0,4.702588113,0.849845409,4.702588113,0.849845409
30,1,1,1,4.471800731,0.781951904,4.471800731,0.781951904
30,1,1,2,4.447906148,0.684381962,4.447906148,0.684381962
30,1,1,3,4.911388784,0.805154085,4.911388784,0.805154085
30,1,1,4,4.678283433,1.081396103,4.678283433,1.081396103
30,1,1,5,4.559885524,0.350956678,4.559885524,0.350956678
30,1,1,6,4.321135246,0.651918173,4.321135246,0.651918173
30,1,1,7,4.639297867,6.839074135,4.639297867,6.839074135
30,1,1,8,4.302803068,1.042506218,4.302803068,1.042506218
30,1,1,9,4.318769507,0.957883358,4.318769507,0.957883358
30,1,1,10,4.495377636,1.764070511,4.495377636,1.764070511
30,1,1,11,4.761937728,0.739005804,4.761937728,0.739005804
30,1,1,12,4.789734833,0.983393431,4.789734833,0.983393431
30,1,1,13,4.470176901,1.072665691,4.470176901,1.072665691
30,1,1,14,4.468379448,0.294966221,4.468379448,0.294966221
30,1,1,15,4.36326514,0.686915159,4.36326514,0.686915159
30,1,1,16,4.4811194,1.226394415,4.4811194,1.226394415
30,1,1,17,4.350429848,0.572925568,4.350429848,0.572925568
30,1,1,18,4.570202271,48.99244165,4.570202271,48.99244165
30,1,1,19,4.267531363,0.516408682,4.267531363,0.516408682
30,1,0.9,0,4.749611139,0.424956799,4.749611139,0.424956799
30,1,0.9,1,4.471800731,0.631002665,4.471800731,0.631002665
30,1,0.9,2,4.447906148,0.805388689,4.447906148,0.805388689
30,1,0.9,3,4.911388784,0.608927488,4.911388784,0.608927488
30,1,0.9,4,4.68854044,0.605425596,4.68854044,0.605425596
30,1,0.9,5,4.578769423,0.442945719,4.578769423,0.442945719
30,1,0.9,6,4.327967762,0.696913958,4.327967762,0.696913958
30,1,0.9,7,4.684134834,3.57493186,4.684134834,3.57493186
30,1,0.9,8,4.309075175,0.65660882,4.309075175,0.65660882
30,1,0.9,9,4.318769507,0.601846695,4.318769507,0.601846695
30,1,0.9,10,4.508499336,0.593928337,4.508499336,0.593928337
30,1,0.9,11,4.761937728,0.540937185,4.761937728,0.540937185
30,1,0.9,12,4.789734833,0.459946632,4.789734833,0.459946632
30,1,0.9,13,4.470176901,0.614325285,4.470176901,0.614325285
30,1,0.9,14,4.537373213,0.35595727,4.537373213,0.35595727
30,1,0.9,15,4.36326514,0.255969763,4.36326514,0.255969763
30,1,0.9,16,4.483846941,0.822991371,4.483846941,0.822991371
30,1,0.9,17,4.363671112,0.638923407,4.363671112,0.638923407
30,1,0.9,18,4.570202271,9.149067879,4.570202271,9.149067879
30,1,0.9,19,4.267531363,0.337960005,4.267531363,0.337960005
30,1,0.7,0,4.885932447,0.224972248,4.885932447,0.224972248
30,1,0.7,1,4.509686032,0.684434652,4.509686032,0.684434652
30,1,0.7,2,4.524486199,0.456170797,4.524486199,0.456170797
30,1,0.7,3,4.911388784,0.423947334,4.911388784,0.423947334
30,1,0.7,4,4.723866861,0.441947222,4.723866861,0.441947222
30,1,0.7,5,4.619594286,0.388955355,4.619594286,0.388955355
30,1,0.7,6,4.327967762,0.316962481,4.327967762,0.316962481
30,1,0.7,7,4.737595817,0.660181046,4.737595817,0.660181046
30,1,0.7,8,4.309075175,0.355957985,4.309075175,0.355957985
30,1,0.7,9,4.522926359,0.374955177,4.522926359,0.374955177
30,1,0.7,10,4.508499336,0.31489706,4.508499336,0.31489706
30,1,0.7,11,4.781157801,0.52298522,4.781157801,0.52298522
30,1,0.7,12,4.862000137,0.245928049,4.862000137,0.245928049
30,1,0.7,13,4.499025143,0.50194025,4.499025143,0.50194025
30,1,0.7,14,4.494765692,0.24297142,4.494765692,0.24297142
30,1,0.7,15,4.445242987,0.385492802,4.445242987,0.385492802
30,1,0.7,16,4.587990662,0.384954691,4.587990662,0.384954691
30,1,0.7,17,4.368084717,0.375475168,4.368084717,0.375475168
30,1,0.7,18,4.642275184,0.795428753,4.642275184,0.795428753
30,1,0.7,19,4.342905596,0.207974911,4.342905596,0.207974911
30,1,0.3,0,5.327491442,0.2333076,5.327491442,0.2333076
30,1,0.3,1,4.509686032,0.243968725,4.509686032,0.243968725
30,1,0.3,2,4.587624421,0.221973896,4.587624421,0.221973896
30,1,0.3,3,5.472775449,0.215974569,5.472775449,0.215974569
30,1,0.3,4,5.089252985,0.214975357,5.089252985,0.214975357
30,1,0.3,5,4.921473792,0.217974186,4.921473792,0.217974186
30,1,0.3,6,4.321135246,0.217977524,4.321135246,0.217977524
30,1,0.3,7,5.005186575,0.219051361,5.005186575,0.219051361
30,1,0.3,8,4.537421885,0.25796628,4.537421885,0.25796628
30,1,0.3,9,4.910709616,0.224582911,4.910709616,0.224582911
30,1,0.3,10,4.63010231,0.222990274,4.63010231,0.222990274
30,1,0.3,11,4.887499434,0.219972849,4.887499434,0.219972849
30,1,0.3,12,4.979033529,0.217974424,4.979033529,0.217974424
30,1,0.3,13,4.640332169,0.213975191,4.640332169,0.213975191
30,1,0.3,14,4.732686717,0.219972372,4.732686717,0.219972372
30,1,0.3,15,4.810898404,0.217983007,4.810898404,0.217983007
30,1,0.3,16,4.567343424,0.227972746,4.567343424,0.227972746
30,1,0.3,17,4.437420002,0.227968693,4.437420002,0.227968693
30,1,0.3,18,5.018111241,0.216974497,5.018111241,0.216974497
30,1,0.3,19,4.564573659,0.214974403,4.564573659,0.214974403
50,1,1,0,5.546456113,30.4616363,5.546456113,30.4616363
50,1,1,1,5.84605745,12.69008017,5.84605745,12.69008017
50,1,1,2,5.586779412,1.507287264,5.586779412,1.507287264
50,1,1,3,5.143421808,351.3435283,5.143421808,351.3435283
50,1,1,4,5.572891243,6.869514942,5.572891243,6.869514942
50,1,1,5,5.79541766,1.536883354,5.79541766,1.536883354
50,1,1,6,5.980477856,1.415592194,5.980477856,1.415592194
50,1,1,7,5.692754772,26.98708844,5.692754772,26.98708844
50,1,1,8,5.802520481,4.898405075,5.802520481,4.898405075
50,1,1,9,5.404596461,7.142147303,5.404596461,7.142147303
50,1,1,10,5.667722763,4.910861254,5.667722763,4.910861254
50,1,1,11,6.02725322,1.468364,6.02725322,1.468364
50,1,1,12,5.666271482,16.92911839,5.666271482,16.92911839
50,1,1,13,5.719738747,7.719532967,5.719738747,7.719532967
50,1,1,14,5.470792578,9.542002439,5.470792578,9.542002439
50,1,1,15,5.187311156,36.39249468,5.187311156,36.39249468
50,1,1,16,5.736374329,18.00304198,5.736374329,18.00304198
50,1,1,17,5.812854654,4.415171862,5.812854654,4.415171862
50,1,1,18,5.564868648,2.037268162,5.564868648,2.037268162
50,1,1,19,5.884655645,601.4460711,5.884655645,601.4460711
50,1,0.9,0,5.575602307,10.30486202,5.575602307,10.30486202
50,1,0.9,1,5.850399995,8.158183813,5.850399995,8.158183813
50,1,0.9,2,5.586779412,1.399979115,5.586779412,1.399979115
50,1,0.9,3,5.143421808,22.53722525,5.143421808,22.53722525
50,1,0.9,4,5.588634207,4.252047539,5.588634207,4.252047539
50,1,0.9,5,5.79541766,2.106190681,5.79541766,2.106190681
50,1,0.9,6,5.988050129,0.997378588,5.988050129,0.997378588
50,1,0.9,7,5.692754772,26.20365787,5.692754772,26.20365787
50,1,0.9,8,5.802520481,1.967336655,5.802520481,1.967336655
50,1,0.9,9,5.505414955,1.568660021,5.505414955,1.568660021
50,1,0.9,10,5.686948792,7.177835226,5.686948792,7.177835226
50,1,0.9,11,6.034790714,1.366145849,6.034790714,1.366145849
50,1,0.9,12,5.666271482,61.91892099,5.666271482,61.91892099
50,1,0.9,13,5.748578718,3.612888813,5.748578718,3.612888813
50,1,0.9,14,5.470792578,6.511491537,5.470792578,6.511491537
50,1,0.9,15,5.187311156,14.02240157,5.187311156,14.02240157
50,1,0.9,16,5.782235116,7.624928474,5.782235116,7.624928474
50,1,0.9,17,5.812854654,1.739237309,5.812854654,1.739237309
50,1,0.9,18,5.564868648,1.105683565,5.564868648,1.105683565
50,1,0.9,19,5.89528315,196.2003438,5.89528315,196.2003438
50,1,0.7,0,5.654928093,2.009005547,5.654928093,2.009005547
50,1,0.7,1,5.950502483,4.479957342,5.950502483,4.479957342
50,1,0.7,2,5.671756664,1.460005045,5.671756664,1.460005045
50,1,0.7,3,5.153059125,3.63218689,5.153059125,3.63218689
50,1,0.7,4,5.621754188,3.433101177,5.621754188,3.433101177
50,1,0.7,5,5.919781848,1.127593279,5.919781848,1.127593279
50,1,0.7,6,6.029469338,0.636943102,6.029469338,0.636943102
50,1,0.7,7,5.732909838,1.04443121,5.732909838,1.04443121
50,1,0.7,8,5.901600639,2.606129169,5.901600639,2.606129169
50,1,0.7,9,5.552363695,1.418395758,5.552363695,1.418395758
50,1,0.7,10,5.686948792,1.460897684,5.686948792,1.460897684
50,1,0.7,11,6.073492949,1.422529936,6.073492949,1.422529936
50,1,0.7,12,5.666835135,2.99138093,5.666835135,2.99138093
50,1,0.7,13,5.815876008,1.629094124,5.815876008,1.629094124
50,1,0.7,14,5.580726826,6.991336823,5.580726826,6.991336823
50,1,0.7,15,5.269356008,1.749911785,5.269356008,1.749911785
50,1,0.7,16,5.900386569,3.46032691,5.900386569,3.46032691
50,1,0.7,17,5.812854654,1.467169285,5.812854654,1.467169285
50,1,0.7,18,5.580687012,1.385575056,5.580687012,1.385575056
50,1,0.7,19,6.00602966,35.96333313,6.00602966,35.96333313
50,1,0.3,0,6.040276035,0.82183075,6.040276035,0.82183075
50,1,0.3,1,6.24875461,0.80409646,6.24875461,0.80409646
50,1,0.3,2,5.684349,0.774702549,5.684349,0.774702549
50,1,0.3,3,5.375232572,0.772437572,5.375232572,0.772437572
50,1,0.3,4,6.035787136,0.725477934,6.035787136,0.725477934
50,1,0.3,5,5.919781848,0.778904915,5.919781848,0.778904915
50,1,0.3,6,6.757425416,0.824932337,6.757425416,0.824932337
50,1,0.3,7,5.996383357,0.868256092,5.996383357,0.868256092
50,1,0.3,8,6.185973242,0.798724174,6.185973242,0.798724174
50,1,0.3,9,5.857903347,0.778487444,5.857903347,0.778487444
50,1,0.3,10,6.037061952,0.728501558,6.037061952,0.728501558
50,1,0.3,11,6.655569237,0.773950815,6.655569237,0.773950815
50,1,0.3,12,5.92436564,0.715657234,5.92436564,0.715657234
50,1,0.3,13,5.907019805,0.716933012,5.907019805,0.716933012
50,1,0.3,14,5.807104104,0.712772131,5.807104104,0.712772131
50,1,0.3,15,5.370788274,0.78793788,5.370788274,0.78793788
50,1,0.3,16,6.338942602,0.734089613,6.338942602,0.734089613
50,1,0.3,17,6.30535673,0.760136366,6.30535673,0.760136366
50,1,0.3,18,6.100867715,0.768516779,6.100867715,0.768516779
50,1,0.3,19,6.482192984,0.906530857,6.482192984,0.906530857
20,1,0.5,0,3.727829884,0.124036551,3.727829884,0.124036551
20,1,0.5,1,4.021059166,0.115992546,4.021059166,0.115992546
20,1,0.5,2,4.105662092,0.11899066,4.105662092,0.11899066
20,1,0.5,3,5.083933795,0.118993998,5.083933795,0.118993998
20,1,0.5,4,4.336046963,0.10699296,4.336046963,0.10699296
20,1,0.5,5,3.635024013,0.130990028,3.635024013,0.130990028
20,1,0.5,6,3.430794791,0.113006353,3.430794791,0.113006353
20,1,0.5,7,4.038244269,0.116994381,4.038244269,0.116994381
20,1,0.5,8,4.129872672,0.108990908,4.129872672,0.108990908
20,1,0.5,9,3.822509083,0.135285854,3.822509083,0.135285854
20,1,0.5,10,3.760242158,0.110994577,3.760242158,0.110994577
20,1,0.5,11,3.794983116,0.127116919,3.794983116,0.127116919
20,1,0.5,12,4.54151277,0.121989012,4.54151277,0.121989012
20,1,0.5,13,4.200680891,0.119994402,4.200680891,0.119994402
20,1,0.5,14,3.553410065,0.103993654,3.553410065,0.103993654
20,1,0.5,15,3.757060738,0.152988911,3.757060738,0.152988911
20,1,0.5,16,3.504957582,0.107991219,3.504957582,0.107991219
20,1,0.5,17,3.57263822,0.123469591,3.57263822,0.123469591
20,1,0.5,18,3.960042001,0.198280573,3.960042001,0.198280573
20,1,0.5,19,4.318221343,0.11602211,4.318221343,0.11602211
30,1,0.5,0,5.018713488,0.232524157,5.018713488,0.232524157
30,1,0.5,1,4.509686032,0.416048765,4.509686032,0.416048765
30,1,0.5,2,4.524486199,0.308028221,4.524486199,0.308028221
30,1,0.5,3,4.978546427,0.227984667,4.978546427,0.227984667
30,1,0.5,4,4.715082131,0.325981855,4.715082131,0.325981855
30,1,0.5,5,4.619594286,0.28575635,4.619594286,0.28575635
30,1,0.5,6,4.447356622,0.242980003,4.447356622,0.242980003
30,1,0.5,7,5.005186575,0.276992083,5.005186575,0.276992083
30,1,0.5,8,4.333941114,0.395474434,4.333941114,0.395474434
30,1,0.5,9,4.837557316,0.31897974,4.837557316,0.31897974
30,1,0.5,10,4.63010231,0.281980515,4.63010231,0.281980515
30,1,0.5,11,4.817152781,0.307496548,4.817152781,0.307496548
30,1,0.5,12,4.862000137,0.324981213,4.862000137,0.324981213
30,1,0.5,13,4.499025143,0.260016441,4.499025143,0.260016441
30,1,0.5,14,4.732686717,0.224988222,4.732686717,0.224988222
30,1,0.5,15,4.919195778,0.250983238,4.919195778,0.250983238
30,1,0.5,16,4.587990662,0.22798419,4.587990662,0.22798419
30,1,0.5,17,4.424978858,0.345611811,4.424978858,0.345611811
30,1,0.5,18,4.678509505,0.475970984,4.678509505,0.475970984
30,1,0.5,19,4.427196475,0.225506067,4.427196475,0.225506067
50,1,0.5,0,5.687939852,0.959717512,5.687939852,0.959717512
50,1,0.5,1,6.042513593,1.21425271,6.042513593,1.21425271
50,1,0.5,2,5.684349,0.905527592,5.684349,0.905527592
50,1,0.5,3,5.326660957,0.964300632,5.326660957,0.964300632
50,1,0.5,4,5.909326328,0.755904913,5.909326328,0.755904913
50,1,0.5,5,5.893120868,0.875976563,5.893120868,0.875976563
50,1,0.5,6,6.130508492,0.699559689,6.130508492,0.699559689
50,1,0.5,7,5.815725472,1.241132021,5.815725472,1.241132021
50,1,0.5,8,6.170849165,1.455557108,6.170849165,1.455557108
50,1,0.5,9,5.639375108,1.055517435,5.639375108,1.055517435
50,1,0.5,10,5.945959319,0.81367588,5.945959319,0.81367588
50,1,0.5,11,6.282354296,1.268531322,6.282354296,1.268531322
50,1,0.5,12,5.753340319,1.06253624,5.753340319,1.06253624
50,1,0.5,13,5.88824909,0.861945152,5.88824909,0.861945152
50,1,0.5,14,5.73168789,2.313564777,5.73168789,2.313564777
50,1,0.5,15,5.284167147,1.022605658,5.284167147,1.022605658
50,1,0.5,16,6.252518408,1.290964603,6.252518408,1.290964603
50,1,0.5,17,6.029187976,0.865065336,6.029187976,0.865065336
50,1,0.5,18,5.727878104,1.186548948,5.727878104,1.186548948
50,1,0.5,19,5.984112788,6.753849268,5.984112788,6.753849268
80,1,1,0,6.905844945,41.20236683,6.905844945,41.20236683
80,1,1,1,7.027017429,21.79149437,7.027017429,21.79149437
80,1,1,2,6.919736598,112.3384633,6.919736598,112.3384633
80,1,1,3,7.256783968,161.3618541,7.256783968,161.3618541
80,1,1,4,7.02972407,121.6179812,7.02972407,121.6179812
80,1,1,5,7.172934838,241.6667955,7.172934838,241.6667955
80,1,1,6,7.371272979,36.82893085,7.371272979,36.82893085
80,1,1,7,6.907467637,22.89656305,6.907467637,22.89656305
80,1,1,8,7.13358351,13.16871524,7.13358351,13.16871524
80,1,1,9,6.793652992,600.7896876,6.793652992,600.7896876
80,1,1,10,7.004571759,26.64447522,7.004571759,26.64447522
80,1,1,11,6.798828087,54.20578551,6.798828087,54.20578551
80,1,1,12,7.008170477,94.83218956,7.008170477,94.83218956
80,1,1,13,6.84074283,266.2048013,6.84074283,266.2048013
80,1,1,14,6.629310897,265.2122836,6.629310897,265.2122836
80,1,1,15,7.001302239,172.5258696,7.001302239,172.5258696
80,1,1,16,6.963135395,189.0439396,6.963135395,189.0439396
80,1,1,17,7.281640095,43.00122929,7.281640095,43.00122929
80,1,1,18,7.067898216,62.22498894,7.067898216,62.22498894
80,1,1,19,6.692494665,27.25847721,6.692494665,27.25847721
80,1,0.9,0,6.905844945,12.93210983,6.905844945,12.93210983
80,1,0.9,1,7.042368989,17.80723381,7.042368989,17.80723381
80,1,0.9,2,6.933705507,20.06873417,6.933705507,20.06873417
80,1,0.9,3,7.28037604,43.47042465,7.28037604,43.47042465
80,1,0.9,4,7.030469745,51.41926169,7.030469745,51.41926169
80,1,0.9,5,7.172934838,51.1896255,7.172934838,51.1896255
80,1,0.9,6,7.384436509,26.19337964,7.384436509,26.19337964
80,1,0.9,7,6.907467637,46.28777933,6.907467637,46.28777933
80,1,0.9,8,7.13358351,10.8308332,7.13358351,10.8308332
80,1,0.9,9,6.823846987,405.5584552,6.823846987,405.5584552
80,1,0.9,10,7.004571759,8.212481499,7.004571759,8.212481499
80,1,0.9,11,6.798828087,28.68850374,6.798828087,28.68850374
80,1,0.9,12,7.017764818,12.75793505,7.017764818,12.75793505
80,1,0.9,13,6.858608831,21.7813828,6.858608831,21.7813828
80,1,0.9,14,6.629310897,23.57546878,6.629310897,23.57546878
80,1,0.9,15,7.038377624,23.16391444,7.038377624,23.16391444
80,1,0.9,16,6.9869877,96.70826769,6.9869877,96.70826769
80,1,0.9,17,7.281640095,50.77202654,7.281640095,50.77202654
80,1,0.9,18,7.072441705,31.20050621,7.072441705,31.20050621
80,1,0.9,19,6.725905162,61.89776444,6.725905162,61.89776444
80,1,0.7,0,6.97028382,10.33133459,6.97028382,10.33133459
80,1,0.7,1,7.1007382,7.248064995,7.1007382,7.248064995
80,1,0.7,2,6.990198528,23.75507617,6.990198528,23.75507617
80,1,0.7,3,7.321142914,5.539700031,7.321142914,5.539700031
80,1,0.7,4,7.236472954,6.12520957,7.236472954,6.12520957
80,1,0.7,5,7.173284847,16.26286697,7.173284847,16.26286697
80,1,0.7,6,7.400149092,233.6420572,7.400149092,233.6420572
80,1,0.7,7,7.030464855,8.608694553,7.030464855,8.608694553
80,1,0.7,8,7.191160353,4.897568941,7.191160353,4.897568941
80,1,0.7,9,6.912001822,13.35179162,6.912001822,13.35179162
80,1,0.7,10,7.015716504,3.583580017,7.015716504,3.583580017
80,1,0.7,11,6.838189732,6.435347319,6.838189732,6.435347319
80,1,0.7,12,7.021755484,14.16581631,7.021755484,14.16581631
80,1,0.7,13,6.955271889,50.23117495,6.955271889,50.23117495
80,1,0.7,14,6.709071779,11.58339405,6.709071779,11.58339405
80,1,0.7,15,7.05695937,12.57936573,7.05695937,12.57936573
80,1,0.7,16,7.095797227,21.15171385,7.095797227,21.15171385
80,1,0.7,17,7.372594884,15.52411246,7.372594884,15.52411246
80,1,0.7,18,7.155556238,4.132683516,7.155556238,4.132683516
80,1,0.7,19,6.763689243,63.3994627,6.763689243,63.3994627
80,1,0.5,0,7.005565847,3.418932676,7.005565847,3.418932676
80,1,0.5,1,7.476596802,4.582684278,7.476596802,4.582684278
80,1,0.5,2,7.0813863,5.747797966,7.0813863,5.747797966
80,1,0.5,3,7.526570146,3.242568731,7.526570146,3.242568731
80,1,0.5,4,7.236472954,2.864987612,7.236472954,2.864987612
80,1,0.5,5,7.371202778,4.540743351,7.371202778,4.540743351
80,1,0.5,6,7.585264802,8.643323183,7.585264802,8.643323183
80,1,0.5,7,7.139719828,3.845157862,7.139719828,3.845157862
80,1,0.5,8,7.324723086,3.134079695,7.324723086,3.134079695
80,1,0.5,9,7.081227016,4.033151627,7.081227016,4.033151627
80,1,0.5,10,7.206506578,3.022716761,7.206506578,3.022716761
80,1,0.5,11,6.903674626,2.483389616,6.903674626,2.483389616
80,1,0.5,12,7.209193356,2.873558521,7.209193356,2.873558521
80,1,0.5,13,7.040741503,3.773142338,7.040741503,3.773142338
80,1,0.5,14,6.98250835,3.932204962,6.98250835,3.932204962
80,1,0.5,15,7.519960965,4.054031849,7.519960965,4.054031849
80,1,0.5,16,7.249854591,3.433975458,7.249854591,3.433975458
80,1,0.5,17,7.539033679,18.80835271,7.539033679,18.80835271
80,1,0.5,18,7.202942463,4.634513617,7.202942463,4.634513617
80,1,0.5,19,7.058394214,12.95136929,7.058394214,12.95136929
80,1,0.3,0,7.582416949,2.917994738,7.582416949,2.917994738
80,1,0.3,1,7.732288621,3.531894684,7.732288621,3.531894684
80,1,0.3,2,7.249673346,4.724508524,7.249673346,4.724508524
80,1,0.3,3,8.023458215,3.914635897,8.023458215,3.914635897
80,1,0.3,4,7.544872734,4.025714874,7.544872734,4.025714874
80,1,0.3,5,7.348619463,4.924715996,7.348619463,4.924715996
80,1,0.3,6,7.795538062,3.424213409,7.795538062,3.424213409
80,1,0.3,7,7.255139465,2.825776577,7.255139465,2.825776577
80,1,0.3,8,7.630405951,2.825622082,7.630405951,2.825622082
80,1,0.3,9,7.329760215,3.044977665,7.329760215,3.044977665
80,1,0.3,10,7.715286886,5.348504305,7.715286886,5.348504305
80,1,0.3,11,7.250589865,3.21994257,7.250589865,3.21994257
80,1,0.3,12,7.531045817,3.108967543,7.531045817,3.108967543
80,1,0.3,13,7.360626076,2.996703625,7.360626076,2.996703625
80,1,0.3,14,6.967785518,2.759103298,6.967785518,2.759103298
80,1,0.3,15,7.780718591,2.997051477,7.780718591,2.997051477
80,1,0.3,16,7.528475217,2.694916487,7.528475217,2.694916487
80,1,0.3,17,7.728777482,3.521800756,7.728777482,3.521800756
80,1,0.3,18,7.246384019,2.956818342,7.246384019,2.956818342
80,1,0.3,19,6.987263219,3.438035488,6.987263219,3.438035488
120,1,1,0,8.327322707,601.6245389,8.327322707,601.6245389
120,1,1,1,8.630720027,417.7666554,8.630720027,417.7666554
120,1,1,2,8.530511044,601.6839144,8.530511044,601.6839144
120,1,1,3,8.530079676,514.6505039,8.530079676,514.6505039
120,1,1,4,8.39271598,601.5693285,8.39271598,601.5693285
120,1,1,5,9.079817454,602.1693385,9.079817454,602.1693385
120,1,1,6,8.634595857,601.5478954,8.634595857,601.5478954
120,1,1,7,8.263077151,601.6250486,8.263077151,601.6250486
120,1,1,8,8.426948376,601.6255095,8.426948376,601.6255095
120,1,1,9,8.651482184,601.8213,8.651482184,601.8213
120,1,1,10,8.466933585,601.5331366,8.466933585,601.5331366
120,1,1,11,8.931537562,601.723325,8.931537562,601.723325
120,1,1,12,8.394500526,601.6098337,8.394500526,601.6098337
120,1,1,13,8.191624208,198.506011,8.191624208,198.506011
120,1,1,14,8.438849524,602.7326498,8.438849524,602.7326498
120,1,1,15,8.181848052,602.0222478,8.181848052,602.0222478
120,1,1,16,9.065906264,601.8748901,9.065906264,601.8748901
120,1,1,17,8.791831817,508.531594,8.791831817,508.531594
120,1,1,18,8.397951082,602.0840132,8.397951082,602.0840132
120,1,1,19,8.556226818,601.6731648,8.556226818,601.6731648
120,1,0.9,0,8.169460611,603.3277097,8.169460611,603.3277097
120,1,0.9,1,8.630720027,177.6014161,8.630720027,177.6014161
120,1,0.9,2,8.484291863,200.8281801,8.484291863,200.8281801
120,1,0.9,3,8.538375382,37.19116259,8.538375382,37.19116259
120,1,0.9,4,8.23437359,603.5066588,8.23437359,603.5066588
120,1,0.9,5,8.929332391,603.5067348,8.929332391,603.5067348
120,1,0.9,6,8.489633114,603.618839,8.489633114,603.618839
120,1,0.9,7,8.43029529,603.4967752,8.43029529,603.4967752
120,1,0.9,8,8.111700606,63.1558044,8.111700606,63.1558044
120,1,0.9,9,8.324635691,185.4913476,8.324635691,185.4913476
120,1,0.9,10,8.564742839,603.4438398,8.564742839,603.4438398
120,1,0.9,11,8.775009301,603.4963441,8.775009301,603.4963441
120,1,0.9,12,8.473970516,603.3646579,8.473970516,603.3646579
120,1,0.9,13,8.232643368,136.0010948,8.232643368,136.0010948
120,1,0.9,14,8.536432412,603.9553726,8.536432412,603.9553726
120,1,0.9,15,8.201874333,603.5275898,8.201874333,603.5275898
120,1,0.9,16,9.102674243,603.5433543,9.102674243,603.5433543
120,1,0.9,17,8.800074283,112.9321256,8.800074283,112.9321256
120,1,0.9,18,8.541026029,603.404974,8.541026029,603.404974
120,1,0.9,19,8.548151711,603.6313469,8.548151711,603.6313469
120,1,0.7,0,8.20608354,34.44881868,8.20608354,34.44881868
120,1,0.7,1,8.688520435,20.41199994,8.688520435,20.41199994
120,1,0.7,2,8.555203909,52.2092545,8.555203909,52.2092545
120,1,0.7,3,8.563501125,23.28065467,8.563501125,23.28065467
120,1,0.7,4,8.22260106,606.1358197,8.22260106,606.1358197
120,1,0.7,5,9.043168091,24.43257284,9.043168091,24.43257284
120,1,0.7,6,8.598223136,33.63007021,8.598223136,33.63007021
120,1,0.7,7,8.340407376,283.5878236,8.340407376,283.5878236
120,1,0.7,8,8.25457232,61.83510566,8.25457232,61.83510566
120,1,0.7,9,8.453427435,38.0450027,8.453427435,38.0450027
120,1,0.7,10,8.488029202,24.02041888,8.488029202,24.02041888
120,1,0.7,11,8.828245352,59.96521211,8.828245352,59.96521211
120,1,0.7,12,8.445402505,75.54937148,8.445402505,75.54937148
120,1,0.7,13,8.315885894,13.49671078,8.315885894,13.49671078
120,1,0.7,14,8.442436763,395.2506702,8.442436763,395.2506702
120,1,0.7,15,8.231941985,58.91695809,8.231941985,58.91695809
120,1,0.7,16,8.931952073,384.1528146,8.931952073,384.1528146
120,1,0.7,17,8.917942748,42.95500803,8.917942748,42.95500803
120,1,0.7,18,8.434883923,64.90744734,8.434883923,64.90744734
120,1,0.7,19,8.637804869,369.7371807,8.637804869,369.7371807
120,1,0.5,0,8.277353116,10.67197967,8.277353116,10.67197967
120,1,0.5,1,8.990164797,10.41475916,8.990164797,10.41475916
120,1,0.5,2,8.794354056,17.65502787,8.794354056,17.65502787
120,1,0.5,3,8.633937021,13.57704401,8.633937021,13.57704401
120,1,0.5,4,8.543539534,190.4402778,8.543539534,190.4402778
120,1,0.5,5,9.072007463,12.16091585,9.072007463,12.16091585
120,1,0.5,6,8.779619746,16.28033352,8.779619746,16.28033352
120,1,0.5,7,8.673953174,18.8796401,8.673953174,18.8796401
120,1,0.5,8,8.486239692,46.84802532,8.486239692,46.84802532
120,1,0.5,9,8.43403794,20.62011313,8.43403794,20.62011313
120,1,0.5,10,8.693587778,14.00970125,8.693587778,14.00970125
120,1,0.5,11,8.864936077,12.01766324,8.864936077,12.01766324
120,1,0.5,12,8.652249106,11.77404523,8.652249106,11.77404523
120,1,0.5,13,8.494234351,9.767437935,8.494234351,9.767437935
120,1,0.5,14,8.444586966,67.65662813,8.444586966,67.65662813
120,1,0.5,15,8.565296855,50.57927608,8.565296855,50.57927608
120,1,0.5,16,9.255745905,22.67587638,9.255745905,22.67587638
120,1,0.5,17,9.141719741,14.05039096,9.141719741,14.05039096
120,1,0.5,18,8.610014893,62.06315207,8.610014893,62.06315207
120,1,0.5,19,8.856537722,42.80234957,8.856537722,42.80234957
120,1,0.3,0,8.635266044,8.435016632,8.635266044,8.435016632
120,1,0.3,1,9.113927179,8.506142855,9.113927179,8.506142855
120,1,0.3,2,9.358035173,12.03463936,9.358035173,12.03463936
120,1,0.3,3,8.942849694,8.604198217,8.942849694,8.604198217
120,1,0.3,4,8.969779372,12.45240545,8.969779372,12.45240545
120,1,0.3,5,9.493463403,8.362258434,9.493463403,8.362258434
120,1,0.3,6,8.806384475,8.720037222,8.806384475,8.720037222
120,1,0.3,7,8.897908841,8.610975981,8.897908841,8.610975981
120,1,0.3,8,8.694802131,8.417961836,8.694802131,8.417961836
120,1,0.3,9,8.631570425,9.821044922,8.631570425,9.821044922
120,1,0.3,10,8.919987126,9.398864508,8.919987126,9.398864508
120,1,0.3,11,9.151488569,10.552917,9.151488569,10.552917
120,1,0.3,12,8.97066075,9.759377718,8.97066075,9.759377718
120,1,0.3,13,8.931139044,8.77938652,8.931139044,8.77938652
120,1,0.3,14,8.812806501,12.5385325,8.812806501,12.5385325
120,1,0.3,15,8.847016077,8.932240248,8.847016077,8.932240248
120,1,0.3,16,9.175969777,9.421625376,9.175969777,9.421625376
120,1,0.3,17,9.213265593,9.299485922,9.213265593,9.299485922
120,1,0.3,18,8.921528593,9.561102629,8.921528593,9.561102629
120,1,0.3,19,8.996819601,12.1985302,8.996819601,12.1985302
160,1,1,0,10.13474422,603.7339787,10.13474422,603.7339787
160,1,1,1,9.888365643,602.5523677,9.888365643,602.5523677
160,1,1,2,9.777641013,602.7511339,9.777641013,602.7511339
160,1,1,3,10.11939828,602.6291013,10.11939828,602.6291013
160,1,1,4,9.583096894,602.6007679,9.583096894,602.6007679
160,1,1,5,10.04585591,603.3950329,10.04585591,603.3950329
160,1,1,6,9.965271669,602.6329217,9.965271669,602.6329217
160,1,1,7,9.735817665,602.6334026,9.735817665,602.6334026
160,1,1,8,9.318043814,44.10948586,9.318043814,44.10948586
160,1,1,9,9.586333963,602.5751874,9.586333963,602.5751874
160,1,1,10,9.893939568,602.5891514,9.893939568,602.5891514
160,1,1,11,9.253743959,602.697638,9.253743959,602.697638
160,1,1,12,9.556687593,602.7182319,9.556687593,602.7182319
160,1,1,13,10.05283163,602.6554472,10.05283163,602.6554472
160,1,1,14,9.337336545,603.3612938,9.337336545,603.3612938
160,1,1,15,9.318850682,602.5894561,9.318850682,602.5894561
160,1,1,16,10.08419669,602.5625525,10.08419669,602.5625525
160,1,1,17,9.799814812,525.6175017,9.799814812,525.6175017
160,1,1,18,9.821205235,602.7475004,9.821205235,602.7475004
160,1,1,19,10.05092094,602.6272819,10.05092094,602.6272819
160,1,0.9,0,10.04351195,607.0586169,10.04351195,607.0586169
160,1,0.9,1,9.819664472,449.9866917,9.819664472,449.9866917
160,1,0.9,2,9.778972081,607.2526267,9.778972081,607.2526267
160,1,0.9,3,9.990622654,607.2030115,9.990622654,607.2030115
160,1,0.9,4,9.73636031,607.1407363,9.73636031,607.1407363
160,1,0.9,5,9.955097439,524.2049391,9.955097439,524.2049391
160,1,0.9,6,10.02455086,607.1348515,10.02455086,607.1348515
160,1,0.9,7,9.516430856,105.9184761,9.516430856,105.9184761
160,1,0.9,8,9.320546259,27.24612975,9.320546259,27.24612975
160,1,0.9,9,9.609449352,607.0563707,9.609449352,607.0563707
160,1,0.9,10,10.10275509,607.1786685,10.10275509,607.1786685
160,1,0.9,11,9.162643052,230.4722235,9.162643052,230.4722235
160,1,0.9,12,9.595901615,607.0732124,9.595901615,607.0732124
160,1,0.9,13,10.24806803,607.1839349,10.24806803,607.1839349
160,1,0.9,14,9.546720063,607.1466737,9.546720063,607.1466737
160,1,0.9,15,9.280318958,607.0242536,9.280318958,607.0242536
160,1,0.9,16,10.2218407,607.3830149,10.2218407,607.3830149
160,1,0.9,17,9.877142546,608.0181432,9.877142546,608.0181432
160,1,0.9,18,9.602960989,163.3723359,9.602960989,163.3723359
160,1,0.9,19,9.897707047,607.1514087,9.897707047,607.1514087
160,1,0.7,0,10.1047285,613.5181808,10.1047285,613.5181808
160,1,0.7,1,10.03375438,56.71489358,10.03375438,56.71489358
160,1,0.7,2,9.923642345,613.4518454,9.923642345,613.4518454
160,1,0.7,3,10.14521252,300.302469,10.14521252,300.302469
160,1,0.7,4,10.1915052,614.3525248,10.1915052,614.3525248
160,1,0.7,5,9.970281289,44.08987999,9.970281289,44.08987999
160,1,0.7,6,9.920917745,198.3738904,9.920917745,198.3738904
160,1,0.7,7,9.583971744,20.80601001,9.583971744,20.80601001
160,1,0.7,8,9.353300131,17.16219997,9.353300131,17.16219997
160,1,0.7,9,9.693214639,604.1192751,9.693214639,604.1192751
160,1,0.7,10,10.11825339,97.24617839,10.11825339,97.24617839
160,1,0.7,11,9.325469531,266.2243183,9.325469531,266.2243183
160,1,0.7,12,9.697011383,145.1877491,9.697011383,145.1877491
160,1,0.7,13,10.19629494,431.6208665,10.19629494,431.6208665
160,1,0.7,14,9.485088629,613.5289831,9.485088629,613.5289831
160,1,0.7,15,9.266362019,37.49740815,9.266362019,37.49740815
160,1,0.7,16,10.06367639,310.7787664,10.06367639,310.7787664
160,1,0.7,17,9.887185041,214.1439486,9.887185041,214.1439486
160,1,0.7,18,9.671634478,38.69294,9.671634478,38.69294
160,1,0.7,19,9.938103773,303.5163393,9.938103773,303.5163393
160,1,0.5,0,10.09568164,617.104867,10.09568164,617.104867
160,1,0.5,1,10.17721403,30.95866489,10.17721403,30.95866489
160,1,0.5,2,9.933367655,43.21845937,9.933367655,43.21845937
160,1,0.5,3,10.32604194,34.37222171,10.32604194,34.37222171
160,1,0.5,4,10.11782882,393.299695,10.11782882,393.299695
160,1,0.5,5,10.54501293,66.72747087,10.54501293,66.72747087
160,1,0.5,6,10.14470838,66.90030932,10.14470838,66.90030932
160,1,0.5,7,9.786696215,24.05149317,9.786696215,24.05149317
160,1,0.5,8,9.594401977,29.74754214,9.594401977,29.74754214
160,1,0.5,9,9.68704374,38.37599444,9.68704374,38.37599444
160,1,0.5,10,10.28539489,53.54857635,10.28539489,53.54857635
160,1,0.5,11,9.489015006,67.19782925,9.489015006,67.19782925
160,1,0.5,12,9.741416513,76.38300633,9.741416513,76.38300633
160,1,0.5,13,10.36533987,32.86411238,10.36533987,32.86411238
160,1,0.5,14,9.540160185,86.10928106,9.540160185,86.10928106
160,1,0.5,15,9.376745045,30.27968025,9.376745045,30.27968025
160,1,0.5,16,10.20687446,186.3200722,10.20687446,186.3200722
160,1,0.5,17,10.13609719,26.25783563,10.13609719,26.25783563
160,1,0.5,18,9.882877984,76.11743069,9.882877984,76.11743069
160,1,0.5,19,10.15368134,24.48966098,10.15368134,24.48966098
160,1,0.3,0,10.68853149,19.44728351,10.68853149,19.44728351
160,1,0.3,1,10.5324081,25.27050495,10.5324081,25.27050495
160,1,0.3,2,10.27183589,20.29477,10.27183589,20.29477
160,1,0.3,3,10.89219284,26.713269,10.89219284,26.713269
160,1,0.3,4,10.28613456,148.4751863,10.28613456,148.4751863
160,1,0.3,5,10.78503701,105.3636332,10.78503701,105.3636332
160,1,0.3,6,10.51190944,26.06750417,10.51190944,26.06750417
160,1,0.3,7,10.23814547,19.64451265,10.23814547,19.64451265
160,1,0.3,8,9.961660134,218.6918576,9.961660134,218.6918576
160,1,0.3,9,10.03608161,19.54343605,10.03608161,19.54343605
160,1,0.3,10,10.54778669,24.74798536,10.54778669,24.74798536
160,1,0.3,11,10.00746705,24.65523624,10.00746705,24.65523624
160,1,0.3,12,10.16474556,24.506639,10.16474556,24.506639
160,1,0.3,13,10.88953411,22.97601295,10.88953411,22.97601295
160,1,0.3,14,10.04463889,28.81463313,10.04463889,28.81463313
160,1,0.3,15,9.709479018,26.92400885,9.709479018,26.92400885
160,1,0.3,16,10.719885,27.04041815,10.719885,27.04041815
160,1,0.3,17,10.64871817,19.78448653,10.64871817,19.78448653
160,1,0.3,18,9.950333409,19.21632004,9.950333409,19.21632004
160,1,0.3,19,10.38737398,18.9533515,10.38737398,18.9533515
