0,,,,,,,
,,,,,,,
20,3,1,0,4.268879445,1.666356564,4.268879445,1.666356564
,,,,,,,
20,3,1,1,5.19329585,17.08116817,5.19329585,17.08116817
,,,,,,,
20,3,1,2,5.242300875,14.17590737,5.242300875,14.17590737
,,,,,,,
20,3,1,3,6.331049075,601.1383541,6.331049075,601.1383541
,,,,,,,
20,3,1,4,6.607762588,133.414578,6.607762588,133.414578
,,,,,,,
20,3,1,5,5.450997255,601.9304259,5.450997255,601.9304259
,,,,,,,
20,3,1,6,4.549243347,601.3126795,4.549243347,601.3126795
,,,,,,,
20,3,1,7,5.002092795,6.117693424,5.002092795,6.117693424
,,,,,,,
20,3,1,8,6.06172083,474.9188485,6.06172083,474.9188485
,,,,,,,
20,3,1,9,5.675491734,601.6025069,5.675491734,601.6025069
,,,,,,,
20,3,1,10,5.637957434,601.6219621,5.637957434,601.6219621
,,,,,,,
20,3,1,11,4.610403167,2.033466101,4.610403167,2.033466101
,,,,,,,
20,3,1,12,5.90577778,382.1619167,5.90577778,382.1619167
,,,,,,,
20,3,1,13,5.323017947,13.5827477,5.323017947,13.5827477
,,,,,,,
20,3,1,14,4.949262679,13.32941484,4.949262679,13.32941484
,,,,,,,
20,3,1,15,4.999567559,74.31104469,4.999567559,74.31104469
,,,,,,,
20,3,1,16,4.862972442,31.66639209,4.862972442,31.66639209
,,,,,,,
20,3,1,17,4.684338028,8.249740124,4.684338028,8.249740124
,,,,,,,
20,3,1,18,6.272535775,601.8577147,6.272535775,601.8577147
,,,,,,,
20,3,1,19,5.117590868,2.476445675,5.117590868,2.476445675
,,,,,,,
20,3,0.9,0,4.268879445,1.071565628,4.268879445,1.071565628
,,,,,,,
20,3,0.9,1,5.246095109,10.72986317,5.246095109,10.72986317
,,,,,,,
20,3,0.9,2,5.242300875,5.270446062,5.242300875,5.270446062
,,,,,,,
20,3,0.9,3,6.331186519,27.68465614,6.331186519,27.68465614
,,,,,,,
20,3,0.9,4,6.686438293,22.09784365,6.686438293,22.09784365
,,,,,,,
20,3,0.9,5,5.450997255,601.7975376,5.450997255,601.7975376
,,,,,,,
20,3,0.9,6,4.561586014,67.9081533,4.561586014,67.9081533
,,,,,,,
20,3,0.9,7,5.07243288,2.574609041,5.07243288,2.574609041
,,,,,,,
20,3,0.9,8,6.06172083,79.44035506,6.06172083,79.44035506
,,,,,,,
20,3,0.9,9,5.678783079,131.6073329,5.678783079,131.6073329
,,,,,,,
20,3,0.9,10,5.637957434,135.0159483,5.637957434,135.0159483
,,,,,,,
20,3,0.9,11,4.610403167,1.239881277,4.610403167,1.239881277
,,,,,,,
20,3,0.9,12,5.912839025,155.6442435,5.912839025,155.6442435
,,,,,,,
20,3,0.9,13,5.37265543,4.199895859,5.37265543,4.199895859
,,,,,,,
20,3,0.9,14,4.949262679,2.341334343,4.949262679,2.341334343
,,,,,,,
20,3,0.9,15,5.029616643,6.134675741,5.029616643,6.134675741
,,,,,,,
20,3,0.9,16,4.862972442,12.77744436,4.862972442,12.77744436
,,,,,,,
20,3,0.9,17,4.684338028,1.963480711,4.684338028,1.963480711
,,,,,,,
20,3,0.9,18,6.346801532,606.6629515,6.346801532,606.6629515
,,,,,,,
20,3,0.9,19,5.117590868,0.964138508,5.117590868,0.964138508
,,,,,,,
20,3,0.7,0,4.394080503,0.632954359,4.394080503,0.632954359
,,,,,,,
20,3,0.7,1,5.33734566,1.167762518,5.33734566,1.167762518
,,,,,,,
20,3,0.7,2,5.37484441,0.672969341,5.37484441,0.672969341
,,,,,,,
20,3,0.7,3,6.450271187,0.784018278,6.450271187,0.784018278
,,,,,,,
20,3,0.7,4,6.755036748,0.849884033,6.755036748,0.849884033
,,,,,,,
20,3,0.7,5,5.511003711,49.28569794,5.511003711,49.28569794
,,,,,,,
20,3,0.7,6,4.588436134,0.937951088,4.588436134,0.937951088
,,,,,,,
20,3,0.7,7,5.07243288,0.329986811,5.07243288,0.329986811
,,,,,,,
20,3,0.7,8,6.06172083,0.600497961,6.06172083,0.600497961
,,,,,,,
20,3,0.7,9,5.678783079,1.930906773,5.678783079,1.930906773
,,,,,,,
20,3,0.7,10,5.902926279,1.70304513,5.902926279,1.70304513
,,,,,,,
20,3,0.7,11,4.763069684,0.749956131,4.763069684,0.749956131
,,,,,,,
20,3,0.7,12,5.9924773,1.811479807,5.9924773,1.811479807
,,,,,,,
20,3,0.7,13,5.430772676,1.067082405,5.430772676,1.067082405
,,,,,,,
20,3,0.7,14,4.991162614,0.405982256,4.991162614,0.405982256
,,,,,,,
20,3,0.7,15,5.203881483,1.376499653,5.203881483,1.376499653
,,,,,,,
20,3,0.7,16,4.862972442,1.387661219,4.862972442,1.387661219
,,,,,,,
20,3,0.7,17,4.771795794,0.492502689,4.771795794,0.492502689
,,,,,,,
20,3,0.7,18,6.387203699,9.928583622,6.387203699,9.928583622
,,,,,,,
20,3,0.7,19,5.117590868,0.210073709,5.117590868,0.210073709
,,,,,,,
20,3,0.3,0,4.696155648,0.119997263,4.696155648,0.119997263
20,3,0.3,1,6.251305159,0.116999149,6.251305159,0.116999149
20,3,0.3,2,5.767106347,0.121397972,5.767106347,0.121397972
20,3,0.3,3,7.627855054,0.11500001,7.627855054,0.11500001
20,3,0.3,4,7.34567652,0.120995998,7.34567652,0.120995998
20,3,0.3,5,5.780380301,0.115564346,5.780380301,0.115564346
20,3,0.3,6,5.198477327,0.120187521,5.198477327,0.120187521
20,3,0.3,7,5.537139838,0.109761,5.537139838,0.109761
20,3,0.3,8,6.868523474,0.112999201,6.868523474,0.112999201
20,3,0.3,9,6.02480415,0.120999336,6.02480415,0.120999336
20,3,0.3,10,6.552621544,0.118996382,6.552621544,0.118996382
20,3,0.3,11,5.20096918,0.112520695,5.20096918,0.112520695
20,3,0.3,12,6.722287122,0.112995863,6.722287122,0.112995863
20,3,0.3,13,5.974669363,0.119749784,5.974669363,0.119749784
20,3,0.3,14,5.611754902,0.115998268,5.611754902,0.115998268
20,3,0.3,15,5.410235175,0.114997864,5.410235175,0.114997864
20,3,0.3,16,5.362339755,0.118995428,5.362339755,0.118995428
20,3,0.3,17,5.225560166,0.120997906,5.225560166,0.120997906
20,3,0.3,18,6.839926515,0.121896744,6.839926515,0.121896744
20,3,0.3,19,5.431700675,0.114009619,5.431700675,0.114009619
30,3,1,0,5.227727812,11.21124911,5.227727812,11.21124911
30,3,1,1,6.750545028,604.2439258,6.750545028,604.2439258
30,3,1,2,5.594665411,601.3924184,5.594665411,601.3924184
30,3,1,3,6.326994306,603.2529933,6.326994306,603.2529933
30,3,1,4,6.892358364,602.6095681,6.892358364,602.6095681
30,3,1,5,6.405935422,602.1355944,6.405935422,602.1355944
30,3,1,6,5.009971785,10.19889903,5.009971785,10.19889903
30,3,1,7,5.917324333,603.5102398,5.917324333,603.5102398
30,3,1,8,6.302020896,602.7939572,6.302020896,602.7939572
30,3,1,9,6.207475421,602.8365352,6.207475421,602.8365352
30,3,1,10,6.033996154,603.5206196,6.033996154,603.5206196
30,3,1,11,5.325573944,65.2695899,5.325573944,65.2695899
30,3,1,12,5.880390529,601.8635876,5.880390529,601.8635876
30,3,1,13,5.832776476,604.2177536,5.832776476,604.2177536
30,3,1,14,5.689916617,602.3049545,5.689916617,602.3049545
30,3,1,15,6.23058723,602.7952485,6.23058723,602.7952485
30,3,1,16,5.676250846,602.0704219,5.676250846,602.0704219
30,3,1,17,5.370874437,603.1168878,5.370874437,603.1168878
30,3,1,18,6.458243671,602.6467471,6.458243671,602.6467471
30,3,1,19,5.305974629,191.5560141,5.305974629,191.5560141
30,3,0.9,0,5.33487862,6.057020903,5.33487862,6.057020903
30,3,0.9,1,6.807412299,603.3634365,6.807412299,603.3634365
30,3,0.9,2,5.594665411,119.9630473,5.594665411,119.9630473
30,3,0.9,3,6.313496813,601.9878867,6.313496813,601.9878867
30,3,0.9,4,6.970984549,602.6794991,6.970984549,602.6794991
30,3,0.9,5,6.591620877,602.3712428,6.591620877,602.3712428
30,3,0.9,6,5.009971785,7.79977107,5.009971785,7.79977107
30,3,0.9,7,5.917324333,602.5874181,5.917324333,602.5874181
30,3,0.9,8,6.308293003,601.6035314,6.308293003,601.6035314
30,3,0.9,9,6.207475421,602.558835,6.207475421,602.558835
30,3,0.9,10,6.033996154,602.5652843,6.033996154,602.5652843
30,3,0.9,11,5.325573944,31.93174958,5.325573944,31.93174958
30,3,0.9,12,5.880390529,349.9691148,5.880390529,349.9691148
30,3,0.9,13,5.789666325,602.2812519,5.789666325,602.2812519
30,3,0.9,14,5.712710004,601.9066343,5.712710004,601.9066343
30,3,0.9,15,6.18604065,602.6947219,6.18604065,602.6947219
30,3,0.9,16,5.676250846,602.7518578,5.676250846,602.7518578
30,3,0.9,17,5.42202303,374.3688695,5.42202303,374.3688695
30,3,0.9,18,6.458243671,602.9331763,6.458243671,602.9331763
30,3,0.9,19,5.305974629,72.86875606,5.305974629,72.86875606
30,3,0.7,0,5.561436026,1.403858185,5.561436026,1.403858185
30,3,0.7,1,6.860694015,602.346035,6.860694015,602.346035
30,3,0.7,2,5.683312114,4.770715475,5.683312114,4.770715475
30,3,0.7,3,6.462923092,25.42890096,6.462923092,25.42890096
30,3,0.7,4,6.925452728,602.2930794,6.925452728,602.2930794
30,3,0.7,5,6.621654057,217.4099414,6.621654057,217.4099414
30,3,0.7,6,5.009971785,1.29754734,5.009971785,1.29754734
30,3,0.7,7,5.964497524,398.3429956,5.964497524,398.3429956
30,3,0.7,8,6.308293003,8.58193326,6.308293003,8.58193326
30,3,0.7,9,6.361893642,601.7687087,6.361893642,601.7687087
30,3,0.7,10,6.168971695,601.3514707,6.168971695,601.3514707
30,3,0.7,11,5.325573944,0.511009455,5.325573944,0.511009455
30,3,0.7,12,5.961774802,5.59798193,5.961774802,5.59798193
30,3,0.7,13,5.859610608,31.94179463,5.859610608,31.94179463
30,3,0.7,14,5.712710004,107.9935091,5.712710004,107.9935091
30,3,0.7,15,6.2106207,601.7551203,6.2106207,601.7551203
30,3,0.7,16,5.63253157,187.9366868,5.63253157,187.9366868
30,3,0.7,17,5.529276708,2.067906857,5.529276708,2.067906857
30,3,0.7,18,6.615350448,601.7268651,6.615350448,601.7268651
30,3,0.7,19,5.305974629,1.615406036,5.305974629,1.615406036
30,3,0.3,0,6.146461077,0.211972237,6.146461077,0.211972237
30,3,0.3,1,7.157249735,0.300436497,7.157249735,0.300436497
30,3,0.3,2,6.187801158,0.273408651,6.187801158,0.273408651
30,3,0.3,3,7.109019564,0.270968437,7.109019564,0.270968437
30,3,0.3,4,7.075992026,0.239970684,7.075992026,0.239970684
30,3,0.3,5,7.143632132,0.248968601,7.143632132,0.248968601
30,3,0.3,6,5.009971785,0.210973501,5.009971785,0.210973501
30,3,0.3,7,6.794007326,0.255966902,6.794007326,0.255966902
30,3,0.3,8,7.068051971,0.256642818,7.068051971,0.256642818
30,3,0.3,9,7.465171956,0.273967743,7.465171956,0.273967743
30,3,0.3,10,6.454797061,0.244970798,6.454797061,0.244970798
30,3,0.3,11,6.094496317,0.224047661,6.094496317,0.224047661
30,3,0.3,12,6.907723039,0.291965961,6.907723039,0.291965961
30,3,0.3,13,6.035313342,0.230971336,6.035313342,0.230971336
30,3,0.3,14,6.367293968,0.293264151,6.367293968,0.293264151
30,3,0.3,15,6.996803928,0.269574404,6.996803928,0.269574404
30,3,0.3,16,5.87746766,0.241969347,5.87746766,0.241969347
30,3,0.3,17,5.844964238,0.225028276,5.844964238,0.225028276
30,3,0.3,18,7.202370938,0.256968975,7.202370938,0.256968975
30,3,0.3,19,5.774765131,0.251968622,5.774765131,0.251968622
50,3,1,0,7.287986299,602.00827,7.287986299,602.00827
50,3,1,1,7.622879826,602.0046961,7.622879826,602.0046961
50,3,1,2,6.717706926,602.1313031,6.717706926,602.1313031
50,3,1,3,6.560299579,602.1659486,6.560299579,602.1659486
50,3,1,4,8.44313316,601.9875965,8.44313316,601.9875965
50,3,1,5,7.652195782,602.0918686,7.652195782,602.0918686
50,3,1,6,6.689717862,601.8499813,6.689717862,601.8499813
50,3,1,7,6.825290682,601.6228335,6.825290682,601.6228335
50,3,1,8,7.595997907,601.7506366,7.595997907,601.7506366
50,3,1,9,6.776232672,601.7487566,6.776232672,601.7487566
50,3,1,10,6.737840138,601.803241,6.737840138,601.803241
50,3,1,11,7.057770032,601.7565329,7.057770032,601.7565329
50,3,1,12,7.382046002,601.6175148,7.382046002,601.6175148
50,3,1,13,7.801628713,601.9369707,7.801628713,601.9369707
50,3,1,14,6.88281151,601.795289,6.88281151,601.795289
50,3,1,15,6.362595237,601.9438307,6.362595237,601.9438307
50,3,1,16,7.343145964,601.8097479,7.343145964,601.8097479
50,3,1,17,7.588475254,601.822293,7.588475254,601.822293
50,3,1,18,6.838763896,602.3170912,6.838763896,602.3170912
50,3,1,19,7.320079104,602.3070962,7.320079104,602.3070962
50,3,0.9,0,7.228826545,602.3375168,7.228826545,602.3375168
50,3,0.9,1,7.648762404,603.0744467,7.648762404,603.0744467
50,3,0.9,2,6.744530297,602.5454965,6.744530297,602.5454965
50,3,0.9,3,6.555859701,602.473228,6.555859701,602.473228
50,3,0.9,4,8.156290943,602.281569,8.156290943,602.281569
50,3,0.9,5,7.796739721,602.5718048,7.796739721,602.5718048
50,3,0.9,6,6.655229281,602.0997484,6.655229281,602.0997484
50,3,0.9,7,6.826330442,602.1894042,6.826330442,602.1894042
50,3,0.9,8,7.710378369,603.1883345,7.710378369,603.1883345
50,3,0.9,9,6.992634559,602.6444855,6.992634559,602.6444855
50,3,0.9,10,6.811542024,602.232569,6.811542024,602.232569
50,3,0.9,11,7.156716936,602.8198819,7.156716936,602.8198819
50,3,0.9,12,7.444821035,602.5019095,7.444821035,602.5019095
50,3,0.9,13,7.735909315,602.1803658,7.735909315,602.1803658
50,3,0.9,14,6.558060586,602.1955049,6.558060586,602.1955049
50,3,0.9,15,6.155758752,602.1491036,6.155758752,602.1491036
50,3,0.9,16,7.455042845,602.3163965,7.455042845,602.3163965
50,3,0.9,17,7.548208282,602.7004128,7.548208282,602.7004128
50,3,0.9,18,7.018818621,602.9469504,7.018818621,602.9469504
50,3,0.9,19,7.44849882,602.567446,7.44849882,602.567446
50,3,0.7,0,7.329831466,603.1672738,7.329831466,603.1672738
50,3,0.7,1,7.840463272,602.9340587,7.840463272,602.9340587
50,3,0.7,2,6.717679827,603.0143032,6.717679827,603.0143032
50,3,0.7,3,6.56449856,603.2732191,6.56449856,603.2732191
50,3,0.7,4,8.107989562,604.2263906,8.107989562,604.2263906
50,3,0.7,5,7.812805533,603.8658938,7.812805533,603.8658938
50,3,0.7,6,6.792049789,338.947269,6.792049789,338.947269
50,3,0.7,7,6.787574021,602.7021346,6.787574021,602.7021346
50,3,0.7,8,7.758320273,603.1063261,7.758320273,603.1063261
50,3,0.7,9,7.065270364,602.9326329,7.065270364,602.9326329
50,3,0.7,10,6.800717837,602.7450023,6.800717837,602.7450023
50,3,0.7,11,7.077932437,603.2819326,7.077932437,603.2819326
50,3,0.7,12,7.445384688,603.0070193,7.445384688,603.0070193
50,3,0.7,13,7.77423436,603.1659832,7.77423436,603.1659832
50,3,0.7,14,6.614875011,602.5275455,6.614875011,602.5275455
50,3,0.7,15,6.328024195,603.3400798,6.328024195,603.3400798
50,3,0.7,16,7.396974938,602.9098747,7.396974938,602.9098747
50,3,0.7,17,7.669581923,603.6743128,7.669581923,603.6743128
50,3,0.7,18,6.835584135,603.1466365,6.835584135,603.1466365
50,3,0.7,19,7.492881786,603.2233477,7.492881786,603.2233477
50,3,0.3,0,7.688110363,4.271110773,7.688110363,4.271110773
50,3,0.3,1,8.436457358,17.79443693,8.436457358,17.79443693
50,3,0.3,2,7.197393473,1.854011536,7.197393473,1.854011536
50,3,0.3,3,7.175869636,1.776092291,7.175869636,1.776092291
50,3,0.3,4,8.584434713,4.960643768,8.584434713,4.960643768
50,3,0.3,5,7.862103805,2.134332895,7.862103805,2.134332895
50,3,0.3,6,8.082881402,1.182821274,8.082881402,1.182821274
50,3,0.3,7,6.976844177,1.635326862,6.976844177,1.635326862
50,3,0.3,8,8.29427722,14.42729592,8.29427722,14.42729592
50,3,0.3,9,7.477714265,3.778455734,7.477714265,3.778455734
50,3,0.3,10,7.267609598,1.26599431,7.267609598,1.26599431
50,3,0.3,11,7.858492834,2.292078972,7.858492834,2.292078972
50,3,0.3,12,7.915968454,6.898849964,7.915968454,6.898849964
50,3,0.3,13,8.27540245,2.552115917,8.27540245,2.552115917
50,3,0.3,14,7.216512608,2.254421711,7.216512608,2.254421711
50,3,0.3,15,7.008187068,2.044087887,7.008187068,2.044087887
50,3,0.3,16,8.413135415,1.698924065,8.413135415,1.698924065
50,3,0.3,17,8.162095766,3.789415359,8.162095766,3.789415359
50,3,0.3,18,7.648055361,2.323488951,7.648055361,2.323488951
50,3,0.3,19,8.036251003,39.37015653,8.036251003,39.37015653
20,3,0.5,0,4.492340717,0.189988613,4.492340717,0.189988613
20,3,0.5,1,5.597164958,0.187989473,5.597164958,0.187989473
20,3,0.5,2,5.37484441,0.189321995,5.37484441,0.189321995
20,3,0.5,3,6.760260273,0.159991026,6.760260273,0.159991026
20,3,0.5,4,6.809817921,0.214999914,6.809817921,0.214999914
20,3,0.5,5,5.487003574,0.213983297,5.487003574,0.213983297
20,3,0.5,6,4.83918618,0.225985289,4.83918618,0.225985289
20,3,0.5,7,5.418848389,0.268982649,5.418848389,0.268982649
20,3,0.5,8,6.47460918,0.152989149,6.47460918,0.152989149
20,3,0.5,9,6.02480415,0.198986053,6.02480415,0.198986053
20,3,0.5,10,6.10238368,0.232130527,6.10238368,0.232130527
20,3,0.5,11,4.800149828,0.225666523,4.800149828,0.225666523
20,3,0.5,12,6.408095961,0.216984987,6.408095961,0.216984987
20,3,0.5,13,5.558149978,0.179987907,5.558149978,0.179987907
20,3,0.5,14,5.091544894,0.157992601,5.091544894,0.157992601
20,3,0.5,15,5.266084188,0.226984739,5.266084188,0.226984739
20,3,0.5,16,4.872131799,0.212985992,4.872131799,0.212985992
20,3,0.5,17,4.771795794,0.172989845,4.771795794,0.172989845
20,3,0.5,18,6.690950939,0.286969423,6.690950939,0.286969423
20,3,0.5,19,5.305380922,0.137991905,5.305380922,0.137991905
30,3,0.5,0,5.817463387,0.390976191,5.817463387,0.390976191
30,3,0.5,1,7.053498981,69.8339498,7.053498981,69.8339498
30,3,0.5,2,5.683312114,1.525178909,5.683312114,1.525178909
30,3,0.5,3,6.434522742,1.156930447,6.434522742,1.156930447
30,3,0.5,4,7.075992026,20.45587707,7.075992026,20.45587707
30,3,0.5,5,6.919228328,2.467082739,6.919228328,2.467082739
30,3,0.5,6,5.009971785,0.404973507,5.009971785,0.404973507
30,3,0.5,7,6.232301201,3.304155111,6.232301201,3.304155111
30,3,0.5,8,6.372628598,1.715612888,6.372628598,1.715612888
30,3,0.5,9,6.50437228,2.116942644,6.50437228,2.116942644
30,3,0.5,10,6.371536871,3.704057455,6.371536871,3.704057455
30,3,0.5,11,5.733100325,0.391390562,5.733100325,0.391390562
30,3,0.5,12,6.090737373,0.743496895,6.090737373,0.743496895
30,3,0.5,13,5.859610608,0.93294692,5.859610608,0.93294692
30,3,0.5,14,5.984866782,4.586005211,5.984866782,4.586005211
30,3,0.5,15,6.585006293,4.124671698,6.585006293,4.124671698
30,3,0.5,16,5.924176664,2.846445084,5.924176664,2.846445084
30,3,0.5,17,5.529276708,0.625380039,5.529276708,0.625380039
30,3,0.5,18,6.887351088,36.53673458,6.887351088,36.53673458
30,3,0.5,19,5.617377447,0.451513767,5.617377447,0.451513767
50,3,0.5,0,7.393017126,602.5777655,7.393017126,602.5777655
50,3,0.5,1,7.943502641,603.1687417,7.943502641,603.1687417
50,3,0.5,2,6.948706401,601.4648876,6.948706401,601.4648876
50,3,0.5,3,6.870721102,98.56309867,6.870721102,98.56309867
50,3,0.5,4,8.389135942,602.3898621,8.389135942,602.3898621
50,3,0.5,5,7.846998799,602.6737747,7.846998799,602.6737747
50,3,0.5,6,7.066680081,21.47450995,7.066680081,21.47450995
50,3,0.5,7,6.927192665,377.5711513,6.927192665,377.5711513
50,3,0.5,8,7.935827511,602.7159989,7.935827511,602.7159989
50,3,0.5,9,7.068210143,347.6427474,7.068210143,347.6427474
50,3,0.5,10,6.96783535,601.7092164,6.96783535,601.7092164
50,3,0.5,11,7.434225662,602.3077037,7.434225662,602.3077037
50,3,0.5,12,7.618595525,603.0440261,7.618595525,603.0440261
50,3,0.5,13,7.858671871,602.2178185,7.858671871,602.2178185
50,3,0.5,14,6.819554006,565.7700291,6.819554006,565.7700291
50,3,0.5,15,6.312192858,55.75327516,6.312192858,55.75327516
50,3,0.5,16,7.72313739,602.9394681,7.72313739,602.9394681
50,3,0.5,17,7.867813664,602.678391,7.867813664,602.678391
50,3,0.5,18,7.175607895,361.8849528,7.175607895,361.8849528
50,3,0.5,19,7.587433047,602.9950833,7.587433047,602.9950833
