,cmtFileName,Number of Trucks,Coarsening Rate,Run Number,Solution Cost,Relative Cost,Solve Time
0,CMT01.xml,5,0.3,0,673.2843187527453,1.2833997040711105,71.28301525115967
1,CMT01.xml,5,0.3,1,673.2843187527453,1.2833997040711105,68.95374131202698
2,CMT01.xml,5,0.3,2,673.2843187527453,1.2833997040711105,71.28301525115967
3,CMT01.xml,5,0.5,0,599.0760144674589,1.1419454727654046,3004.6329169273376
4,CMT01.xml,5,0.5,1,599.0760144674589,1.1419454727654046,3004.4548082351685
5,CMT01.xml,5,0.5,2,599.0760144674589,1.1419454727654046,3004.6329169273376
6,CMT01.xml,5,0.7,0,578.8951315542527,1.1034771192967208,3004.47172498703
7,CMT01.xml,5,0.7,1,578.8951315542527,1.1034771192967208,3004.306215524673
8,CMT01.xml,5,0.7,2,578.8951315542527,1.1034771192967208,3004.47172498703
9,CMT01.xml,5,0.9,0,563.321949362002,1.0737918632164885,3001.979054927826
10,CMT01.xml,5,0.9,1,563.321949362002,1.0737918632164885,3001.965630531311
11,CMT01.xml,5,0.9,2,563.321949362002,1.0737918632164885,3001.979054927826
12,CMT01.xml,5,1.0,0,555.5309235560107,1.0589407818303325,3002.0440666675568
13,CMT01.xml,5,1.0,1,555.5309235560107,1.0589407818303325,3001.9293196201324
14,CMT01.xml,5,1.0,2,555.5309235560107,1.0589407818303325,3002.0440666675568
15,CMT02.xml,10,0.3,0,0.0,0.0,
16,CMT02.xml,10,0.3,1,0.0,0.0,
17,CMT02.xml,10,0.3,2,0.0,0.0,
18,CMT02.xml,10,0.5,0,1017.2387590544938,1.217870793590611,3007.9274368286133
19,CMT02.xml,10,0.5,1,1017.2387590544938,1.217870793590611,3009.9714906215668
20,CMT02.xml,10,0.5,2,1017.2387590544938,1.217870793590611,3007.9274368286133
21,CMT02.xml,10,0.7,0,908.4845937583764,1.0876668268064753,3003.934204339981
22,CMT02.xml,10,0.7,1,908.4845937583764,1.0876668268064753,3005.025549888611
23,CMT02.xml,10,0.7,2,908.4845937583764,1.0876668268064753,3003.934204339981
24,CMT02.xml,10,0.9,0,947.7093807140794,1.1346279969279978,3002.045451402664
25,CMT02.xml,10,0.9,1,947.7093807140794,1.1346279969279978,3001.8916976451874
26,CMT02.xml,10,0.9,2,947.7093807140794,1.1346279969279978,3002.045451402664
27,CMT02.xml,10,1.0,0,888.9513440674243,1.0642809952199606,3001.3518702983856
28,CMT02.xml,10,1.0,1,888.9513440674243,1.0642809952199606,3001.3639907836914
29,CMT02.xml,10,1.0,2,888.9513440674243,1.0642809952199606,3001.3518702983856
63,CMT03.xml,8,0.3,0,991.14811355927,1.199733838767364,3011.138437986374
64,CMT03.xml,8,0.3,1,991.14811355927,1.199733838767364,3011.2798125743866
34,CMT03.xml,8,0.3,2,991.14811355927,1.199733838767364,3011.663839817047
61,CMT03.xml,8,0.5,0,905.2314449338292,1.0957361281790363,3007.09137749672
62,CMT03.xml,8,0.5,1,905.2314449338292,1.0957361281790363,3006.83672952652
33,CMT03.xml,8,0.5,2,905.2314449338292,1.0957361281790363,3007.255986690521
59,CMT03.xml,8,0.7,0,882.3071636089082,1.0679874641209823,3005.1698565483093
60,CMT03.xml,8,0.7,1,882.3071636089082,1.0679874641209823,3005.030378103256
32,CMT03.xml,8,0.7,2,882.3071636089082,1.0679874641209823,3005.1683900356293
57,CMT03.xml,8,0.9,0,848.8983887046411,1.027547859569372,3002.8453772068024
58,CMT03.xml,8,0.9,1,848.8983887046411,1.027547859569372,3002.878339290619
31,CMT03.xml,8,0.9,2,848.8983887046411,1.027547859569372,3003.031270980835
55,CMT03.xml,8,1.0,0,943.054240922556,1.141518678338485,3001.304864883423
56,CMT03.xml,8,1.0,1,943.054240922556,1.141518678338485,3001.431486606598
30,CMT03.xml,8,1.0,2,943.054240922556,1.141518678338485,3001.5224120616917
73,CMT04.xml,12,0.3,0,1202.5129085925066,1.1692819165248698,3021.913405895233
74,CMT04.xml,12,0.3,1,1202.5129085925066,1.1692819165248698,3021.9444863796234
39,CMT04.xml,12,0.3,2,1202.5129085925066,1.1692819165248698,3022.8272960186005
71,CMT04.xml,12,0.5,0,1119.3249875166136,1.0883928623681118,3018.858461380005
72,CMT04.xml,12,0.5,1,1119.3249875166136,1.0883928623681118,3019.502581357956
38,CMT04.xml,12,0.5,2,1119.3249875166136,1.0883928623681118,3019.468930721283
69,CMT04.xml,12,0.7,0,1198.4982347231758,1.1653781866583457,3015.026311635971
70,CMT04.xml,12,0.7,1,1198.4982347231758,1.1653781866583457,3015.365978717804
37,CMT04.xml,12,0.7,2,1198.4982347231758,1.1653781866583457,3015.3754575252533
67,CMT04.xml,12,0.9,0,1157.628791085664,1.125638154728286,3007.6385219097137
68,CMT04.xml,12,0.9,1,1157.628791085664,1.125638154728286,3007.708510160446
36,CMT04.xml,12,0.9,2,1157.628791085664,1.125638154728286,3007.9338190555573
65,CMT04.xml,12,1.0,0,1106.8451814355822,1.0762579310355518,3002.6836137771606
66,CMT04.xml,12,1.0,1,1106.8451814355822,1.0762579310355518,3002.7227766513824
35,CMT04.xml,12,1.0,2,1106.8451814355822,1.0762579310355518,3002.902444124222
83,CMT05.xml,17,0.3,0,1518.3942290902355,1.1758739160763545,3047.875888109207
84,CMT05.xml,17,0.3,1,1518.3942290902355,1.1758739160763545,3048.176398038864
44,CMT05.xml,17,0.3,2,1518.3942290902355,1.1758739160763545,3049.737562417984
81,CMT05.xml,17,0.5,0,1436.6061245441813,1.1125356229384424,3043.4809477329254
82,CMT05.xml,17,0.5,1,1436.6061245441813,1.1125356229384424,3043.1608407497406
43,CMT05.xml,17,0.5,2,1436.6061245441813,1.1125356229384424,3044.003101348877
79,CMT05.xml,17,0.7,0,1460.080223469203,1.130714420052198,3032.986542224884
80,CMT05.xml,17,0.7,1,1460.080223469203,1.130714420052198,3033.6091730594635
42,CMT05.xml,17,0.7,2,1460.080223469203,1.130714420052198,3034.114534139633
77,CMT05.xml,17,0.9,0,4095.5086578210858,3.1716412717678337,3016.941632270813
78,CMT05.xml,17,0.9,1,4095.5086578210858,3.1716412717678337,3016.61411356926
41,CMT05.xml,17,0.9,2,4095.5086578210858,3.1716412717678337,3016.884702682495
75,CMT05.xml,17,1.0,0,1589.9434694076838,1.2312830343359615,3004.7299365997314
76,CMT05.xml,17,1.0,1,1589.9434694076838,1.2312830343359615,3004.6263525485992
40,CMT05.xml,17,1.0,2,1589.9434694076838,1.2312830343359615,3004.878357887268
93,CMT11.xml,7,0.3,0,1097.7206271147531,1.053353382638039,3012.540916442871
94,CMT11.xml,7,0.3,1,1097.7206271147531,1.053353382638039,3012.3595991134644
49,CMT11.xml,7,0.3,2,1097.7206271147531,1.053353382638039,3012.1193885803223
91,CMT11.xml,7,0.5,0,1079.2098201513932,1.0355907382560483,3011.136324167252
92,CMT11.xml,7,0.5,1,1079.2098201513932,1.0355907382560483,3010.5761682987213
48,CMT11.xml,7,0.5,2,1079.2098201513932,1.0355907382560483,3010.619261741638
89,CMT11.xml,7,0.7,0,1072.045696858916,1.0287161717066329,3007.99953174591
90,CMT11.xml,7,0.7,1,1072.045696858916,1.0287161717066329,3008.114297389984
47,CMT11.xml,7,0.7,2,1072.045696858916,1.0287161717066329,3008.284002542496
87,CMT11.xml,7,0.9,0,0.0,0.0,
88,CMT11.xml,7,0.9,1,0.0,0.0,
46,CMT11.xml,7,0.9,2,0.0,0.0,
85,CMT11.xml,7,1.0,0,1083.8445285658397,1.0400381228321496,3001.7354824543
86,CMT11.xml,7,1.0,1,1083.8445285658397,1.0400381228321496,3001.6320312023163
45,CMT11.xml,7,1.0,2,1083.8445285658397,1.0400381228321496,3001.9338870048523
103,CMT12.xml,10,0.3,0,856.9887985887416,1.0456693818497018,124.78799629211426
104,CMT12.xml,10,0.3,1,856.9887985887416,1.0456693818497018,125.34611344337463
54,CMT12.xml,10,0.3,2,856.9887985887416,1.0456693818497018,126.08327889442444
101,CMT12.xml,10,0.5,0,842.8361705514238,1.0284008133039972,3008.175504922867
102,CMT12.xml,10,0.5,1,842.8361705514238,1.0284008133039972,3008.0868697166443
53,CMT12.xml,10,0.5,2,842.8361705514238,1.0284008133039972,3008.3858711719517
99,CMT12.xml,10,0.7,0,835.3992896286641,1.0193265772227342,3005.9410758018494
100,CMT12.xml,10,0.7,1,835.3992896286641,1.0193265772227342,3005.948340654373
52,CMT12.xml,10,0.7,2,835.3992896286641,1.0193265772227342,3005.757491827011
97,CMT12.xml,10,0.9,0,831.0465171427326,1.0140154682301876,3003.7443437576294
98,CMT12.xml,10,0.9,1,831.0465171427326,1.0140154682301876,3003.7815940380096
51,CMT12.xml,10,0.9,2,831.0465171427326,1.0140154682301876,3003.617275953293
95,CMT12.xml,10,1.0,0,827.1402944086112,1.0092492244724136,3001.9154374599457
96,CMT12.xml,10,1.0,1,827.1402944086112,1.0092492244724136,3001.705725669861
50,CMT12.xml,10,1.0,2,827.1402944086112,1.0092492244724136,3001.968893289566
