Unnamed: 0,cmtFileName,Number of Nodes,Number of Trucks,Coarsening Rate,Run Number,Solution Cost,Relative Cost,Solve Time,Real number of trucks,qpu_access_time,run_time
0,CMT01.xml,51,5,1.0,0,2402.3476394457143,4.579302032835276,45.31433606147766,9,85.347,6368.086
1,CMT01.xml,51,5,0.9,0,2204.6183000116207,4.202394731346373,33.37172198295593,8,85.315,5079.448
2,CMT01.xml,51,5,0.7,0,1865.967231071784,3.5568655402523475,18.80651021003723,8,42.677,3292.195
3,CMT01.xml,51,5,0.5,0,1405.4588064919033,2.6790545481250896,11.470060110092165,7,42.671,2997.99
4,CMT01.xml,51,5,0.3,0,976.377638245212,1.861149498189535,10.8064706325531,8,106.179,2996.913
5,CMT01.xml,51,5,1.0,1,2402.3476394457143,4.579302032835276,44.35905981063843,7,85.341,6356.73
6,CMT01.xml,51,5,1.0,2,2402.3476394457143,4.579302032835276,43.90521168708801,8,85.345,6292.281
7,CMT01.xml,51,5,0.9,1,2204.6183000116207,4.202394731346373,34.245670557022095,8,42.671,5082.006
8,CMT01.xml,51,5,0.9,2,2204.6183000116207,4.202394731346373,31.381463289260864,9,85.344,5068.54
9,CMT01.xml,51,5,0.7,1,1865.967231071784,3.5568655402523475,19.03620338439941,7,42.677,3296.48
10,CMT01.xml,51,5,0.7,2,1865.967231071784,3.5568655402523475,26.984734296798703,7,0.0,3297.041
11,CMT01.xml,51,5,0.5,1,1405.4588064919033,2.6790545481250896,14.096728324890137,7,42.679,2989.451
12,CMT01.xml,51,5,0.5,2,1405.4588064919033,2.6790545481250896,13.5281183719635,8,42.672,2994.101
13,CMT01.xml,51,5,0.3,1,976.377638245212,1.861149498189535,11.870064973831177,8,106.475,2990.526
14,CMT01.xml,51,5,0.3,2,976.377638245212,1.861149498189535,10.653191089630129,8,106.341,2999.427
15,CMT02.xml,76,10,1.0,0,3630.856788462801,4.346977933173863,130.41836261749268,13,85.346,17734.463
16,CMT02.xml,76,10,0.9,0,3326.447655655053,3.9825295784008015,93.50303435325624,14,85.343,11349.501
17,CMT02.xml,76,10,0.7,0,2843.9193744582058,3.4048312794318005,52.32408785820007,15,85.346,6820.56
18,CMT02.xml,76,10,0.5,0,2249.7596710326206,2.6934842696078114,24.456695079803467,15,42.649,3775.31
19,CMT02.xml,76,10,0.3,0,1453.6019286241192,1.740298743653616,12.909422397613524,14,42.653,2991.015
20,CMT02.xml,76,10,1.0,1,3630.856788462801,4.346977933173863,130.74971294403076,15,85.337,17746.442
21,CMT02.xml,76,10,1.0,2,3630.856788462801,4.346977933173863,132.78478693962097,15,85.348,17737.535
22,CMT02.xml,76,10,0.9,1,3326.447655655053,3.9825295784008015,94.79653453826904,14,85.339,11986.973
23,CMT02.xml,76,10,0.9,2,3326.447655655053,3.9825295784008015,96.6741235256195,15,85.348,11974.985
24,CMT02.xml,76,10,0.7,1,2843.9193744582058,3.4048312794318005,52.546440839767456,15,85.347,6821.469
25,CMT02.xml,76,10,0.7,2,2843.9193744582058,3.4048312794318005,49.48673105239868,15,85.351,6826.539
26,CMT02.xml,76,10,0.5,1,2249.7596710326206,2.6934842696078114,24.28797578811645,14,42.641,3778.694
27,CMT02.xml,76,10,0.5,2,2249.7596710326206,2.6934842696078114,25.490779161453247,13,42.644,3771.659
28,CMT02.xml,76,10,0.3,1,1453.6019286241192,1.740298743653616,16.202603578567505,14,42.675,2997.357
29,CMT02.xml,76,10,0.3,2,1453.6019286241192,1.740298743653616,17.05985140800476,13,42.651,2995.212
30,CMT03.xml,101,8,1.0,0,4989.4226212577205,6.039439588033167,340.31234216690063,10,213.138,39980.866
31,CMT03.xml,101,8,0.9,0,4600.972765837347,5.5692410073805245,243.06221199035645,12,127.875,29410.27
32,CMT03.xml,101,8,0.7,0,3802.95867471097,4.603285974182306,121.64697790145874,11,85.346,13025.845
33,CMT03.xml,101,8,0.5,0,2986.382465433753,3.614862451199256,56.44270443916321,11,85.345,6139.857
34,CMT03.xml,101,8,0.3,0,2132.433465505106,2.581201086383792,26.033520221710205,11,42.669,3001.071
35,CMT03.xml,101,8,1.0,1,4989.4226212577205,6.039439588033167,306.3053638935089,12,213.247,40005.968
36,CMT03.xml,101,8,1.0,2,4989.4226212577205,6.039439588033167,311.54627299308777,11,170.593,39968.428
37,CMT03.xml,101,8,0.9,1,4600.972765837347,5.5692410073805245,220.5369439125061,11,127.945,29404.814
38,CMT03.xml,101,8,0.9,2,4600.972765837347,5.5692410073805245,219.3971312046051,12,170.596,29433.317
39,CMT03.xml,101,8,0.7,1,3802.95867471097,4.603285974182306,104.88601207733154,12,85.353,13380.091
40,CMT03.xml,101,8,0.7,2,3802.95867471097,4.603285974182306,109.0246307849884,13,85.351,13082.024
41,CMT03.xml,101,8,0.5,1,2986.382465433753,3.614862451199256,47.00764298439026,11,85.345,6135.553
42,CMT03.xml,101,8,0.5,2,2986.382465433753,3.614862451199256,50.22141742706299,11,42.675,6138.021
43,CMT03.xml,101,8,0.3,1,2132.433465505106,2.581201086383792,23.214561223983765,11,42.648,2977.846
44,CMT03.xml,101,8,0.3,2,2132.433465505106,2.581201086383792,21.12109017372132,12,42.677,2997.434
45,CMT04.xml,151,12,1.0,0,7360.5017683808865,7.157097069661117,1160.2900094985962,16,468.914,139884.912
46,CMT04.xml,151,12,0.9,0,6703.910222365277,6.518650184132238,843.0285968780518,17,170.489,103628.028
47,CMT04.xml,151,12,0.7,0,5307.093638594146,5.160434101431464,398.63196086883545,17,213.117,46554.616
48,CMT04.xml,151,12,0.5,0,4225.810695423317,4.10903200581797,177.2364161014557,17,85.338,16990.698
49,CMT04.xml,151,12,0.3,0,2807.4114186872803,2.7298296597569864,64.69471001625061,17,85.335,5084.717
50,CMT04.xml,151,12,1.0,1,7360.5017683808865,7.157097069661117,1061.0318562984469,16,554.44,139637.834
51,CMT04.xml,151,12,1.0,2,7360.5017683808865,7.157097069661117,1078.6881568431854,17,511.806,139909.124
52,CMT04.xml,151,12,0.9,1,6703.910222365277,6.518650184132238,787.3976118564606,16,170.599,103464.96
53,CMT04.xml,151,12,0.9,2,6703.910222365277,6.518650184132238,782.2682144641876,17,170.597,103662.353
54,CMT04.xml,151,12,0.7,1,5307.093638594146,5.160434101431464,370.15237975120544,16,213.237,46485.464
55,CMT04.xml,151,12,0.7,2,5307.093638594146,5.160434101431464,383.41514801979065,17,213.238,46510.197
56,CMT04.xml,151,12,0.5,1,4225.810695423317,4.10903200581797,150.18262195587158,16,84.633,16981.302
57,CMT04.xml,151,12,0.5,2,4225.810695423317,4.10903200581797,151.02385663986206,15,85.342,16979.348
58,CMT04.xml,151,12,0.3,1,2807.4114186872803,2.7298296597569864,57.36399960517883,17,85.344,5072.798
59,CMT04.xml,151,12,0.3,2,2807.4114186872803,2.7298296597569864,54.70468878746033,16,85.346,5074.138
60,CMT05.xml,200,17,1.0,0,9608.407976530198,7.440937339040957,2373.912323474884,22,383.846,253959.343
61,CMT05.xml,200,17,0.9,0,8734.52357030312,6.764184319791155,1772.5772633552551,25,469.168,210774.156
62,CMT05.xml,200,17,0.7,0,7022.681038867063,5.438500289529899,855.9005517959595,24,170.616,114289.947
63,CMT05.xml,200,17,0.5,0,5448.550411732424,4.219463026688369,355.7159435749054,22,127.949,38941.359
64,CMT05.xml,200,17,0.3,0,3812.223346137208,2.9522596365938005,115.3043727874756,24,85.351,8401.852
65,CMT05.xml,200,17,1.0,1,9608.407976530198,7.440937339040957,2382.483785867691,24,426.49,254120.894
66,CMT05.xml,200,17,1.0,2,9608.407976530198,7.440937339040957,2324.231882095337,22,426.489,253385.035
67,CMT05.xml,200,17,0.9,2,8734.52357030312,6.764184319791155,1733.3960275650024,24,511.778,210735.192
68,CMT05.xml,200,17,0.9,1,8734.52357030312,6.764184319791155,1720.5538148880005,22,426.476,211631.474
69,CMT05.xml,200,17,0.7,1,7022.681038867063,5.438500289529899,830.2867472171783,22,170.59,114472.587
70,CMT05.xml,200,17,0.7,2,7022.681038867063,5.438500289529899,839.471782207489,23,170.587,114259.407
71,CMT05.xml,200,17,0.5,1,5448.550411732424,4.219463026688369,330.7741560935974,24,127.953,38910.749
72,CMT05.xml,200,17,0.5,2,5448.550411732424,4.219463026688369,329.9987432956696,23,170.594,38949.066
73,CMT05.xml,200,17,0.3,1,3812.223346137208,2.9522596365938005,117.73331212997437,22,85.347,8515.391
74,CMT05.xml,200,17,0.3,2,3812.223346137208,2.9522596365938005,117.09992003440856,22,85.349,8593.254
75,CMT11.xml,121,7,1.0,0,12239.313868857094,11.74463005110457,519.3726081848145,12,213.235,75135.914
76,CMT11.xml,121,7,0.9,0,10844.677060013491,10.406361129249504,372.4150478839874,11,255.89,51600.968
77,CMT11.xml,121,7,0.7,0,8094.421291432615,7.767264126427491,181.04844880104065,12,127.942,24183.286
78,CMT11.xml,121,7,0.5,0,5754.267906418941,5.521694148868596,78.17074155807495,10,42.669,8594.439
79,CMT11.xml,121,7,0.3,0,3492.140785612556,3.3509968003805284,32.91461372375488,10,42.653,3457.153
80,CMT11.xml,121,7,1.0,1,12239.313868857094,11.74463005110457,526.133367061615,10,213.244,75117.929
81,CMT11.xml,121,7,1.0,2,12239.313868857094,11.74463005110457,522.9041292667389,10,170.599,75029.47
82,CMT11.xml,121,7,0.9,1,10844.677060013491,10.406361129249504,370.03589487075806,10,255.905,51573.708
83,CMT11.xml,121,7,0.9,2,10844.677060013491,10.406361129249504,369.5507128238678,11,255.902,51581.954
84,CMT11.xml,121,7,0.7,1,8094.421291432615,7.767264126427491,183.071180343628,10,127.943,24195.605
85,CMT11.xml,121,7,0.7,2,8094.421291432615,7.767264126427491,182.94957613945007,9,127.953,24195.662
86,CMT11.xml,121,7,0.5,1,5754.267906418941,5.521694148868596,78.61608576774597,10,85.346,8594.962
87,CMT11.xml,121,7,0.5,2,5754.267906418941,5.521694148868596,80.50192093849182,10,85.346,8491.82
88,CMT11.xml,121,7,0.3,1,3492.140785612556,3.3509968003805284,35.13711190223694,10,42.669,3457.952
89,CMT11.xml,121,7,0.3,2,3492.140785612556,3.3509968003805284,36.41479301452637,11,42.647,3450.121
90,CMT12.xml,101,10,1.0,0,5770.962375615749,7.041537380564876,294.6184756755829,14,213.247,39981.861
91,CMT12.xml,101,10,0.9,0,5289.60243256914,6.454197902007345,277.48862409591675,14,170.592,29398.218
92,CMT12.xml,101,10,0.7,0,4365.100847522498,5.326151651523376,105.78703474998474,13,85.347,13381.72
93,CMT12.xml,101,10,0.5,0,3325.0322806756403,4.057094392937235,47.87073278427124,13,85.349,6140.977
94,CMT12.xml,101,10,0.3,0,2079.1644408520306,2.536927669544671,23.576242208480835,13,42.679,3001.136
95,CMT12.xml,101,10,1.0,1,5770.962375615749,7.041537380564876,304.87889194488525,14,213.247,39994.14
96,CMT12.xml,101,10,1.0,2,5770.962375615749,7.041537380564876,303.4755640029907,14,213.246,39983.507
97,CMT12.xml,101,10,0.9,1,5289.60243256914,6.454197902007345,218.22589945793152,15,170.591,29411.924
98,CMT12.xml,101,10,0.9,2,5289.60243256914,6.454197902007345,220.5051567554474,13,170.599,29433.124
99,CMT12.xml,101,10,0.7,1,4365.100847522498,5.326151651523376,110.51731705665588,14,85.347,13362.135
100,CMT12.xml,101,10,0.7,2,4365.100847522498,5.326151651523376,110.3072907924652,12,85.348,12714.341
101,CMT12.xml,101,10,0.5,1,3325.0322806756403,4.057094392937235,52.29688048362732,14,85.354,6133.631
102,CMT12.xml,101,10,0.5,2,3325.0322806756403,4.057094392937235,52.10445809364319,14,85.351,6131.125
103,CMT12.xml,101,10,0.3,1,2079.1644408520306,2.536927669544671,25.552151441574097,13,42.673,2993.9
104,CMT12.xml,101,10,0.3,2,2079.1644408520306,2.536927669544671,27.36112356185913,14,42.673,2999.726
