Number of Nodes,Number of trucks,Coarsening Ratio,Run Number,Cost Evaluation,Solve Time,Cost Evaluation (duplicate),Solve Time (duplicate)
,,,,,,,
20,2,1,0,3.893950443,1.573446274,3.893950443,1.573446274
,,,,,,,
20,2,1,1,4.375501367,3.205806017,4.375501367,3.205806017
,,,,,,,
20,2,1,2,4.497180604,1.55147171,4.497180604,1.55147171
,,,,,,,
20,2,1,3,5.190428465,43.71764231,5.190428465,43.71764231
,,,,,,,
20,2,1,4,5.316057076,17.03954363,5.316057076,17.03954363
,,,,,,,
20,2,1,5,4.310470239,300.8426232,4.310470239,300.8426232
,,,,,,,
20,2,1,6,3.835167089,13.46792984,3.835167089,13.46792984
,,,,,,,
20,2,1,7,4.35212941,0.716976881,4.35212941,0.716976881
,,,,,,,
20,2,1,8,5.048904591,45.91240788,5.048904591,45.91240788
,,,,,,,
20,2,1,9,4.499722947,18.94554758,4.499722947,18.94554758
,,,,,,,
20,2,1,10,4.554752451,89.34177613,4.554752451,89.34177613
,,,,,,,
20,2,1,11,3.986357976,0.376992941,3.986357976,0.376992941
,,,,,,,
20,2,1,12,4.907370594,9.882581949,4.907370594,9.882581949
,,,,,,,
20,2,1,13,4.441913273,1.676988602,4.441913273,1.676988602
,,,,,,,
20,2,1,14,4.233615046,2.615581512,4.233615046,2.615581512
,,,,,,,
20,2,1,15,4.152198256,3.80248642,4.152198256,3.80248642
,,,,,,,
20,2,1,16,4.056055312,2.665095806,4.056055312,2.665095806
,,,,,,,
20,2,1,17,3.991686772,2.653883219,3.991686772,2.653883219
,,,,,,,
20,2,1,18,5.046281807,301.100337,5.046281807,301.100337
,,,,,,,
20,2,1,19,4.548781817,0.791887522,4.548781817,0.791887522
,,,,,,,
20,2,0.9,0,3.905923358,0.82785511,3.905923358,0.82785511
,,,,,,,
20,2,0.9,1,4.375501367,4.623133659,4.375501367,4.623133659
,,,,,,,
20,2,0.9,2,4.497180604,1.32579422,4.497180604,1.32579422
,,,,,,,
20,2,0.9,3,5.272989524,5.744177103,5.272989524,5.744177103
,,,,,,,
20,2,0.9,4,5.386033153,3.659098625,5.386033153,3.659098625
,,,,,,,
20,2,0.9,5,4.310470239,203.3644772,4.310470239,203.3644772
,,,,,,,
20,2,0.9,6,3.835167089,2.585856438,3.835167089,2.585856438
,,,,,,,
20,2,0.9,7,4.35212941,0.51896143,4.35212941,0.51896143
,,,,,,,
20,2,0.9,8,5.083624006,14.90556359,5.083624006,14.90556359
,,,,,,,
20,2,0.9,9,4.499722947,3.172944069,4.499722947,3.172944069
,,,,,,,
20,2,0.9,10,4.554752451,25.56931663,4.554752451,25.56931663
,,,,,,,
20,2,0.9,11,3.986357976,0.385971785,3.986357976,0.385971785
,,,,,,,
20,2,0.9,12,4.916490118,1.88120389,4.916490118,1.88120389
,,,,,,,
20,2,0.9,13,4.441913273,0.527957678,4.441913273,0.527957678
,,,,,,,
20,2,0.9,14,4.233615046,0.842936039,4.233615046,0.842936039
,,,,,,,
20,2,0.9,15,4.152198256,1.122006416,4.152198256,1.122006416
,,,,,,,
20,2,0.9,16,4.070940932,1.363396883,4.070940932,1.363396883
,,,,,,,
20,2,0.9,17,4.009051802,0.710182428,4.009051802,0.710182428
,,,,,,,
20,2,0.9,18,5.046281807,300.5831792,5.046281807,300.5831792
,,,,,,,
20,2,0.9,19,4.553840613,0.484984875,4.553840613,0.484984875
,,,,,,,
20,2,0.7,0,3.924551755,0.306990862,3.924551755,0.306990862
,,,,,,,
20,2,0.7,1,4.743873193,1.113074064,4.743873193,1.113074064
,,,,,,,
20,2,0.7,2,4.698109047,0.418988943,4.698109047,0.418988943
,,,,,,,
20,2,0.7,3,5.272989524,0.449510813,5.272989524,0.449510813
,,,,,,,
20,2,0.7,4,5.394732782,0.740975618,5.394732782,0.740975618
,,,,,,,
20,2,0.7,5,4.310470239,2.782022476,4.310470239,2.782022476
,,,,,,,
20,2,0.7,6,3.870039425,0.411986351,3.870039425,0.411986351
,,,,,,,
20,2,0.7,7,4.35212941,0.37298727,4.35212941,0.37298727
,,,,,,,
20,2,0.7,8,5.176628449,0.521985769,5.176628449,0.521985769
,,,,,,,
20,2,0.7,9,4.499722947,0.461504936,4.499722947,0.461504936
,,,,,,,
20,2,0.7,10,4.644536703,0.564493418,4.644536703,0.564493418
,,,,,,,
20,2,0.7,11,3.986357976,0.232992172,3.986357976,0.232992172
,,,,,,,
20,2,0.7,12,5.029406603,0.483983517,5.029406603,0.483983517
,,,,,,,
20,2,0.7,13,4.625105045,0.372988224,4.625105045,0.372988224
,,,,,,,
20,2,0.7,14,4.275514982,0.37698698,4.275514982,0.37698698
,,,,,,,
20,2,0.7,15,4.2662442,1.251955509,4.2662442,1.251955509
,,,,,,,
20,2,0.7,16,4.167529976,0.446496964,4.167529976,0.446496964
,,,,,,,
20,2,0.7,17,4.009051802,0.388988018,4.009051802,0.388988018
,,,,,,,
20,2,0.7,18,5.126965705,10.35938048,5.126965705,10.35938048
,,,,,,,
20,2,0.7,19,4.668586054,0.33998847,4.668586054,0.33998847
,,,,,,,
20,2,0.5,0,3.999702022,0.180994034,3.999702022,0.180994034
,,,,,,,
20,2,0.5,1,4.861491005,0.187994003,4.861491005,0.187994003
,,,,,,,
20,2,0.5,2,4.698109047,0.198572874,4.698109047,0.198572874
,,,,,,,
20,2,0.5,3,5.336943225,0.193515539,5.336943225,0.193515539
,,,,,,,
20,2,0.5,4,5.688010736,0.204993486,5.688010736,0.204993486
,,,,,,,
20,2,0.5,5,4.384803571,0.22199297,4.384803571,0.22199297
,,,,,,,
20,2,0.5,6,3.989191116,0.214992046,3.989191116,0.214992046
,,,,,,,
20,2,0.5,7,4.35212941,0.147994518,4.35212941,0.147994518
,,,,,,,
20,2,0.5,8,5.176628449,0.203991652,5.176628449,0.203991652
,,,,,,,
20,2,0.5,9,4.505369667,0.223992348,4.505369667,0.223992348
,,,,,,,
20,2,0.5,10,5.025769424,0.235507965,5.025769424,0.235507965
,,,,,,,
20,2,0.5,11,4.018384912,0.150995255,4.018384912,0.150995255
,,,,,,,
20,2,0.5,12,5.179085721,0.215991735,5.179085721,0.215991735
,,,,,,,
20,2,0.5,13,4.980251232,0.231994152,4.980251232,0.231994152
,,,,,,,
20,2,0.5,14,4.439251981,0.214988232,4.439251981,0.214988232
,,,,,,,
20,2,0.5,15,4.583213138,0.215993404,4.583213138,0.215993404
,,,,,,,
20,2,0.5,16,4.167529976,0.19999218,4.167529976,0.19999218
,,,,,,,
20,2,0.5,17,4.036336246,0.172994852,4.036336246,0.172994852
,,,,,,,
20,2,0.5,18,5.165889787,0.248993397,5.165889787,0.248993397
,,,,,,,
20,2,0.5,19,4.824658503,0.136995077,4.824658503,0.136995077
,,,,,,,
20,2,0.3,0,4.405847718,0.105990648,4.405847718,0.105990648
,,,,,,,
20,2,0.3,1,4.95646501,0.119506359,4.95646501,0.119506359
,,,,,,,
20,2,0.3,2,4.801059129,0.114989758,4.801059129,0.114989758
,,,,,,,
20,2,0.3,3,6.606757602,0.111991167,6.606757602,0.111991167
,,,,,,,
20,2,0.3,4,5.633407238,0.11299181,5.633407238,0.11299181
,,,,,,,
20,2,0.3,5,4.388995735,0.110989809,4.388995735,0.110989809
,,,,,,,
20,2,0.3,6,3.939218781,0.109993935,3.939218781,0.109993935
,,,,,,,
20,2,0.3,7,4.61050887,0.116988897,4.61050887,0.116988897
,,,,,,,
20,2,0.3,8,5.827396053,0.128991604,5.827396053,0.128991604
,,,,,,,
20,2,0.3,9,4.913530072,0.124989271,4.913530072,0.124989271
,,,,,,,
20,2,0.3,10,5.261364229,0.110987902,5.261364229,0.110987902
,,,,,,,
20,2,0.3,11,4.018384912,0.12850976,4.018384912,0.12850976
,,,,,,,
20,2,0.3,12,5.179085721,0.110991001,5.179085721,0.110991001
,,,,,,,
20,2,0.3,13,4.771365882,0.109990358,4.771365882,0.109990358
,,,,,,,
20,2,0.3,14,4.690596629,0.120990515,4.690596629,0.120990515
,,,,,,,
20,2,0.3,15,4.778133812,0.123988628,4.778133812,0.123988628
,,,,,,,
20,2,0.3,16,4.740272547,0.112007856,4.740272547,0.112007856
,,,,,,,
20,2,0.3,17,4.625564907,0.119990349,4.625564907,0.119990349
,,,,,,,
20,2,0.3,18,5.350367708,0.112989664,5.350367708,0.112989664
,,,,,,,
20,2,0.3,19,4.914038407,0.117990255,4.914038407,0.117990255
,,,,,,,
30,2,1,0,4.953361423,5.182084322,4.953361423,5.182084322
,,,,,,,
30,2,1,1,5.416783295,603.3169782,5.416783295,603.3169782
,,,,,,,
30,2,1,2,5.007873519,253.4918408,5.007873519,253.4918408
,,,,,,,
30,2,1,3,5.548353689,601.428334,5.548353689,601.428334
,,,,,,,
30,2,1,4,5.580096518,602.3126838,5.580096518,602.3126838
,,,,,,,
30,2,1,5,5.317240893,423.4119477,5.317240893,423.4119477
,,,,,,,
30,2,1,6,4.525925648,0.940419912,4.525925648,0.940419912
,,,,,,,
30,2,1,7,5.077946002,601.2142272,5.077946002,601.2142272
,,,,,,,
30,2,1,8,5.021933239,601.1231434,5.021933239,601.1231434
,,,,,,,
30,2,1,9,5.078035283,602.497894,5.078035283,602.497894
,,,,,,,
30,2,1,10,5.213829257,603.3472049,5.213829257,603.3472049
,,,,,,,
30,2,1,11,4.867445686,0.479493618,4.867445686,0.479493618
,,,,,,,
30,2,1,12,5.174355622,4.858005524,5.174355622,4.858005524
,,,,,,,
30,2,1,13,5.07013231,602.036479,5.07013231,602.036479
,,,,,,,
30,2,1,14,5.012475738,321.57705,5.012475738,321.57705
,,,,,,,
30,2,1,15,5.102450136,602.8578804,5.102450136,602.8578804
,,,,,,,
30,2,1,16,5.042135008,602.2568362,5.042135008,602.2568362
,,,,,,,
30,2,1,17,4.809960128,601.1023877,4.809960128,601.1023877
,,,,,,,
30,2,1,18,5.425935003,46910.76844,5.425935003,46910.76844
,,,,,,,
30,2,1,19,4.877684482,110.7448232,4.877684482,110.7448232
,,,,,,,
30,2,0.9,0,5.076907886,2.850263357,5.076907886,2.850263357
,,,,,,,
30,2,0.9,1,5.416783295,602.4579799,5.416783295,602.4579799
,,,,,,,
30,2,0.9,2,5.030970437,35.30909824,5.030970437,35.30909824
,,,,,,,
30,2,0.9,3,5.548353689,45.03364682,5.548353689,45.03364682
,,,,,,,
30,2,0.9,4,5.585381375,602.2167571,5.585381375,602.2167571
,,,,,,,
30,2,0.9,5,5.336124791,50.83999896,5.336124791,50.83999896
,,,,,,,
30,2,0.9,6,4.525925648,0.74903512,4.525925648,0.74903512
,,,,,,,
30,2,0.9,7,5.077946002,601.4127827,5.077946002,601.4127827
,,,,,,,
30,2,0.9,8,5.028205346,9.021010399,5.028205346,9.021010399
,,,,,,,
30,2,0.9,9,5.144506763,602.0465257,5.144506763,602.0465257
,,,,,,,
30,2,0.9,10,5.259099186,602.3838506,5.259099186,602.3838506
,,,,,,,
30,2,0.9,11,4.8868089,1.171691418,4.8868089,1.171691418
,,,,,,,
30,2,0.9,12,5.174355622,3.198960304,5.174355622,3.198960304
,,,,,,,
30,2,0.9,13,5.07013231,601.372963,5.07013231,601.372963
,,,,,,,
30,2,0.9,14,5.019018409,59.8811934,5.019018409,59.8811934
,,,,,,,
30,2,0.9,15,5.156927788,602.0134447,5.156927788,602.0134447
,,,,,,,
30,2,0.9,16,5.098678421,601.6027765,5.098678421,601.6027765
,,,,,,,
30,2,0.9,17,4.809960128,11.65456033,4.809960128,11.65456033
,,,,,,,
30,2,0.9,18,5.425935003,602.4072907,5.425935003,602.4072907
,,,,,,,
30,2,0.9,19,4.914649868,10.25594401,4.914649868,10.25594401
,,,,,,,
30,2,0.7,0,5.30232128,1.126959562,5.30232128,1.126959562
,,,,,,,
30,2,0.7,1,5.465752782,124.1029055,5.465752782,124.1029055
,,,,,,,
30,2,0.7,2,5.017955689,2.930776834,5.017955689,2.930776834
,,,,,,,
30,2,0.7,3,5.603565924,5.867179871,5.603565924,5.867179871
,,,,,,,
30,2,0.7,4,5.604999214,138.0296183,5.604999214,138.0296183
,,,,,,,
30,2,0.7,5,5.390446396,2.752574205,5.390446396,2.752574205
,,,,,,,
30,2,0.7,6,4.525925648,0.660979271,4.525925648,0.660979271
,,,,,,,
30,2,0.7,7,5.146947196,9.495498419,5.146947196,9.495498419
,,,,,,,
30,2,0.7,8,5.028205346,1.786527395,5.028205346,1.786527395
,,,,,,,
30,2,0.7,9,5.144506763,10.58887219,5.144506763,10.58887219
,,,,,,,
30,2,0.7,10,5.289667334,177.9052117,5.289667334,177.9052117
,,,,,,,
30,2,0.7,11,4.93943325,0.387248516,4.93943325,0.387248516
,,,,,,,
30,2,0.7,12,5.246620925,0.574913979,5.246620925,0.574913979
,,,,,,,
30,2,0.7,13,5.135153603,3.629142761,5.135153603,3.629142761
,,,,,,,
30,2,0.7,14,5.102169664,4.370891809,5.102169664,4.370891809
,,,,,,,
30,2,0.7,15,5.156927788,75.31209993,5.156927788,75.31209993
,,,,,,,
30,2,0.7,16,5.134046782,34.03826475,5.134046782,34.03826475
,,,,,,,
30,2,0.7,17,4.830646651,1.648750305,4.830646651,1.648750305
,,,,,,,
30,2,0.7,18,5.533500236,255.6542616,5.533500236,255.6542616
,,,,,,,
30,2,0.7,19,4.983200962,1.127948046,4.983200962,1.127948046
,,,,,,,
30,2,0.5,0,5.388926466,0.478575706,5.388926466,0.478575706
,,,,,,,
30,2,0.5,1,5.664429177,14.51698923,5.664429177,14.51698923
,,,,,,,
30,2,0.5,2,5.017955689,0.577173233,5.017955689,0.577173233
,,,,,,,
30,2,0.5,3,5.66091603,0.565024137,5.66091603,0.565024137
,,,,,,,
30,2,0.5,4,5.614155143,2.517187119,5.614155143,2.517187119
,,,,,,,
30,2,0.5,5,5.623512821,0.450069666,5.623512821,0.450069666
,,,,,,,
30,2,0.5,6,4.707155555,0.393399715,4.707155555,0.393399715
,,,,,,,
30,2,0.5,7,5.551599935,0.781350374,5.551599935,0.781350374
,,,,,,,
30,2,0.5,8,5.072981332,0.489486217,5.072981332,0.489486217
,,,,,,,
30,2,0.5,9,5.45913772,0.689484596,5.45913772,0.689484596
,,,,,,,
30,2,0.5,10,5.35168396,2.002356052,5.35168396,2.002356052
,,,,,,,
30,2,0.5,11,4.966070025,0.330147266,4.966070025,0.330147266
,,,,,,,
30,2,0.5,12,5.354730318,0.568380833,5.354730318,0.568380833
,,,,,,,
30,2,0.5,13,5.135153603,0.433600903,5.135153603,0.433600903
,,,,,,,
30,2,0.5,14,5.154655708,0.567401409,5.154655708,0.567401409
,,,,,,,
30,2,0.5,15,5.546132185,2.182728767,5.546132185,2.182728767
,,,,,,,
30,2,0.5,16,5.206736657,1.835171223,5.206736657,1.835171223
,,,,,,,
30,2,0.5,17,4.899467309,0.611478567,4.899467309,0.611478567
,,,,,,,
30,2,0.5,18,5.690279499,30.0851264,5.690279499,30.0851264
,,,,,,,
30,2,0.5,19,5.017757415,0.522670031,5.017757415,0.522670031
,,,,,,,
30,2,0.3,0,5.664704745,0.245980024,5.664704745,0.245980024
,,,,,,,
30,2,0.3,1,5.839718493,0.304544687,5.839718493,0.304544687
,,,,,,,
30,2,0.3,2,5.305222104,0.291749239,5.305222104,0.291749239
,,,,,,,
30,2,0.3,3,6.46673775,0.275013924,6.46673775,0.275013924
,,,,,,,
30,2,0.3,4,6.302162008,0.287718534,6.302162008,0.287718534
,,,,,,,
30,2,0.3,5,6.435068564,0.267088413,6.435068564,0.267088413
,,,,,,,
30,2,0.3,6,4.707155555,0.287541628,4.707155555,0.287541628
,,,,,,,
30,2,0.3,7,5.936868182,0.280353069,5.936868182,0.280353069
,,,,,,,
30,2,0.3,8,5.171031588,0.301570177,5.171031588,0.301570177
,,,,,,,
30,2,0.3,9,5.763244155,0.252085447,5.763244155,0.252085447
,,,,,,,
30,2,0.3,10,5.48273831,0.289608717,5.48273831,0.289608717
,,,,,,,
30,2,0.3,11,5.804384772,0.296066761,5.804384772,0.296066761
,,,,,,,
30,2,0.3,12,5.799732555,0.314641714,5.799732555,0.314641714
,,,,,,,
30,2,0.3,13,5.47732076,0.27461791,5.47732076,0.27461791
,,,,,,,
30,2,0.3,14,5.339045576,0.277070045,5.339045576,0.277070045
,,,,,,,
30,2,0.3,15,5.742436805,0.281033039,5.742436805,0.281033039
,,,,,,,
30,2,0.3,16,5.448569042,0.346344233,5.448569042,0.346344233
,,,,,,,
30,2,0.3,17,5.055488709,0.273100853,5.055488709,0.273100853
,,,,,,,
30,2,0.3,18,5.867105172,0.298551321,5.867105172,0.298551321
,,,,,,,
30,2,0.3,19,5.169089321,0.26759243,5.169089321,0.26759243
,,,,,,,
50,2,1,0,6.427387033,601.6519969,6.427387033,601.6519969
,,,,,,,
50,2,1,1,6.478407041,601.8705962,6.478407041,601.8705962
,,,,,,,
50,2,1,2,6.048949435,601.7144523,6.048949435,601.7144523
,,,,,,,
50,2,1,3,6.02691536,602.1229146,6.02691536,602.1229146
,,,,,,,
50,2,1,4,6.889044151,602.016681,6.889044151,602.016681
,,,,,,,
50,2,1,5,6.484604832,602.0569465,6.484604832,602.0569465
,,,,,,,
50,2,1,6,6.136310115,8.410275459,6.136310115,8.410275459
,,,,,,,
50,2,1,7,5.997568943,601.6155338,5.997568943,601.6155338
,,,,,,,
50,2,1,8,6.476186709,602.0831387,6.476186709,602.0831387
,,,,,,,
50,2,1,9,5.865931914,601.8270254,5.865931914,601.8270254
,,,,,,,
50,2,1,10,6.025081498,601.3035824,6.025081498,601.3035824
,,,,,,,
50,2,1,11,6.239165898,40.9182837,6.239165898,40.9182837
,,,,,,,
50,2,1,12,6.244339113,601.7982483,6.244339113,601.7982483
,,,,,,,
50,2,1,13,6.683591617,601.955579,6.683591617,601.955579
,,,,,,,
50,2,1,14,5.784720371,157.1035209,5.784720371,157.1035209
,,,,,,,
50,2,1,15,5.392075051,601.7390652,5.392075051,601.7390652
,,,,,,,
50,2,1,16,6.428651544,602.3843658,6.428651544,602.3843658
,,,,,,,
50,2,1,17,6.603938038,601.9115841,6.603938038,601.9115841
,,,,,,,
50,2,1,18,5.90366979,500.4088299,5.90366979,500.4088299
,,,,,,,
50,2,1,19,6.346186902,601.969847,6.346186902,601.969847
,,,,,,,
50,2,0.9,0,6.240327832,602.171133,6.240327832,602.171133
,,,,,,,
50,2,0.9,1,6.496036295,601.8884645,6.496036295,601.8884645
,,,,,,,
50,2,0.9,2,6.048949435,601.8918164,6.048949435,601.8918164
,,,,,,,
50,2,0.9,3,6.093627902,603.4967318,6.093627902,603.4967318
,,,,,,,
50,2,0.9,4,6.907081636,602.7785585,6.907081636,602.7785585
,,,,,,,
50,2,0.9,5,6.484604832,601.6897733,6.484604832,601.6897733
,,,,,,,
50,2,0.9,6,6.136310115,6.069079876,6.136310115,6.069079876
,,,,,,,
50,2,0.9,7,5.997568943,601.7278991,5.997568943,601.7278991
,,,,,,,
50,2,0.9,8,6.476186709,602.6605721,6.476186709,602.6605721
,,,,,,,
50,2,0.9,9,5.966750408,601.3470497,5.966750408,601.3470497
,,,,,,,
50,2,0.9,10,6.071078322,601.2309442,6.071078322,601.2309442
,,,,,,,
50,2,0.9,11,6.253866476,7.621583223,6.253866476,7.621583223
,,,,,,,
50,2,0.9,12,6.352774402,602.2871511,6.352774402,602.2871511
,,,,,,,
50,2,0.9,13,6.711312526,602.7767973,6.711312526,602.7767973
,,,,,,,
50,2,0.9,14,5.784720371,30.60804415,5.784720371,30.60804415
,,,,,,,
50,2,0.9,15,5.392075051,601.4099059,5.392075051,601.4099059
,,,,,,,
50,2,0.9,16,6.593751887,603.009624,6.593751887,603.009624
,,,,,,,
50,2,0.9,17,6.525828349,602.3046222,6.525828349,602.3046222
,,,,,,,
50,2,0.9,18,5.90366979,139.6463885,5.90366979,139.6463885
,,,,,,,
50,2,0.9,19,6.362312547,600.8717206,6.362312547,600.8717206
,,,,,,,
50,2,0.7,0,6.300031266,603.2030642,6.300031266,603.2030642
,,,,,,,
50,2,0.7,1,6.547056356,601.7695844,6.547056356,601.7695844
,,,,,,,
50,2,0.7,2,6.051781148,292.6181104,6.051781148,292.6181104
,,,,,,,
50,2,0.7,3,6.050247461,602.6450462,6.050247461,602.6450462
,,,,,,,
50,2,0.7,4,6.856810708,603.3941259,6.856810708,603.3941259
,,,,,,,
50,2,0.7,5,6.527998964,602.9934149,6.527998964,602.9934149
,,,,,,,
50,2,0.7,6,6.462808242,14.42195868,6.462808242,14.42195868
,,,,,,,
50,2,0.7,7,6.016855843,601.4538696,6.016855843,601.4538696
,,,,,,,
50,2,0.7,8,6.515481127,602.1289699,6.515481127,602.1289699
,,,,,,,
50,2,0.7,9,6.013699148,11.59502983,6.013699148,11.59502983
,,,,,,,
50,2,0.7,10,6.100906845,45.46589756,6.100906845,45.46589756
,,,,,,,
50,2,0.7,11,6.254147432,4.498200178,6.254147432,4.498200178
,,,,,,,
50,2,0.7,12,6.430628811,602.6399362,6.430628811,602.6399362
,,,,,,,
50,2,0.7,13,6.865826431,603.5053606,6.865826431,603.5053606
,,,,,,,
50,2,0.7,14,5.894654619,23.95407701,5.894654619,23.95407701
,,,,,,,
50,2,0.7,15,5.51168617,47.83293939,5.51168617,47.83293939
,,,,,,,
50,2,0.7,16,6.418665951,601.8525841,6.418665951,601.8525841
,,,,,,,
50,2,0.7,17,6.363962216,601.9930336,6.363962216,601.9930336
,,,,,,,
50,2,0.7,18,5.982037609,18.16198921,5.982037609,18.16198921
,,,,,,,
50,2,0.7,19,6.455919557,602.8745217,6.455919557,602.8745217
,,,,,,,
50,2,0.5,0,6.545469487,602.0118823,6.545469487,602.0118823
,,,,,,,
50,2,0.5,1,6.552706623,124.0525231,6.552706623,124.0525231
,,,,,,,
50,2,0.5,2,6.051781148,4.288142443,6.051781148,4.288142443
,,,,,,,
50,2,0.5,3,6.055975845,19.21401048,6.055975845,19.21401048
,,,,,,,
50,2,0.5,4,6.888251191,48.21247411,6.888251191,48.21247411
,,,,,,,
50,2,0.5,5,6.713965942,15.92847967,6.713965942,15.92847967
,,,,,,,
50,2,0.5,6,6.666331763,3.238920212,6.666331763,3.238920212
,,,,,,,
50,2,0.5,7,6.283810614,27.28098059,6.283810614,27.28098059
,,,,,,,
50,2,0.5,8,6.864285499,267.471046,6.864285499,267.471046
,,,,,,,
50,2,0.5,9,6.030999003,3.595183134,6.030999003,3.595183134
,,,,,,,
50,2,0.5,10,6.12647444,4.228769064,6.12647444,4.228769064
,,,,,,,
50,2,0.5,11,6.516614924,3.611596107,6.516614924,3.611596107
,,,,,,,
50,2,0.5,12,6.351626184,260.0222816,6.351626184,260.0222816
,,,,,,,
50,2,0.5,13,6.958261529,572.3878267,6.958261529,572.3878267
,,,,,,,
50,2,0.5,14,6.084117188,4.51982069,6.084117188,4.51982069
,,,,,,,
50,2,0.5,15,5.51168617,1.321143866,5.51168617,1.321143866
,,,,,,,
50,2,0.5,16,6.73669591,119.5564463,6.73669591,119.5564463
,,,,,,,
50,2,0.5,17,6.470502357,78.55711436,6.470502357,78.55711436
,,,,,,,
50,2,0.5,18,6.066679246,2.077464104,6.066679246,2.077464104
,,,,,,,
50,2,0.5,19,6.455919557,195.987668,6.455919557,195.987668
,,,,,,,
50,2,0.3,0,6.56720239,2.334762096,6.56720239,2.334762096
,,,,,,,
50,2,0.3,1,6.758122739,1.744006157,6.758122739,1.744006157
,,,,,,,
50,2,0.3,2,6.42190582,1.007593155,6.42190582,1.007593155
,,,,,,,
50,2,0.3,3,6.164635646,1.409516335,6.164635646,1.409516335
,,,,,,,
50,2,0.3,4,7.220132969,1.967187881,7.220132969,1.967187881
,,,,,,,
50,2,0.3,5,6.793199424,1.186496258,6.793199424,1.186496258
,,,,,,,
50,2,0.3,6,7.070442117,1.017517328,7.070442117,1.017517328
,,,,,,,
50,2,0.3,7,6.372075788,1.478587866,6.372075788,1.478587866
,,,,,,,
50,2,0.3,8,7.222095933,2.440784693,7.222095933,2.440784693
,,,,,,,
50,2,0.3,9,6.360683115,1.178570747,6.360683115,1.178570747
,,,,,,,
50,2,0.3,10,6.484935623,1.051092148,6.484935623,1.051092148
,,,,,,,
50,2,0.3,11,6.961399648,1.048711061,6.961399648,1.048711061
,,,,,,,
50,2,0.3,12,6.572390038,2.181967735,6.572390038,2.181967735
,,,,,,,
50,2,0.3,13,7.246519772,1.985343933,7.246519772,1.985343933
,,,,,,,
50,2,0.3,14,6.159533403,0.90430069,6.159533403,0.90430069
,,,,,,,
50,2,0.3,15,5.837858768,1.070493221,5.837858768,1.070493221
,,,,,,,
50,2,0.3,16,7.561142128,1.865119219,7.561142128,1.865119219
,,,,,,,
50,2,0.3,17,7.332691964,2.542580605,7.332691964,2.542580605
,,,,,,,
50,2,0.3,18,6.183670411,0.979072332,6.183670411,0.979072332
,,,,,,,
50,2,0.3,19,7.077910388,14.39186621,7.077910388,14.39186621
